<?xml version = '1.0' encoding = 'UTF-8'?>
<Relation class="oracle.dbtools.crest.model.design.logical.Relation" name="borrowerclass_borrower_fk" directorySegmentName="seg_0" id="092F1349-964F-8C04-40E0-90536CAFD9F2">
<createdBy>OH QI HEN</createdBy>
<createdTime>2024-09-16 08:02:26 UTC</createdTime>
<ownerDesignName>rcl_logical</ownerDesignName>
<engineerTo>
<item key="EF917CCA-3311-FB0A-5003-93A67C27531A" value="true"/>
</engineerTo>
<sourcePk>630826AB-29DC-94A7-52AD-6DB073255EBD</sourcePk>
<identifying>false</identifying>
<nameOnSource>comes_from</nameOnSource>
<nameOnTarget> </nameOnTarget>
<optionalSource>true</optionalSource>
<optionalTarget>false</optionalTarget>
<sourceCardinality>1</sourceCardinality>
<sourceEntity>685732A7-4E4F-DEF0-4DBA-D017C6EAC25D</sourceEntity>
<targetCardinalityString>*</targetCardinalityString>
<targetEntity>D3B30F58-29F6-237C-ED6C-9873C1CA3BA5</targetEntity>
<transferable>true</transferable>
<deleteRule>NO ACTION</deleteRule>
</Relation>
