<?xml version = '1.0' encoding = 'UTF-8'?>
<Relation class="oracle.dbtools.crest.model.design.logical.Relation" name="book_loan_fk" directorySegmentName="seg_0" id="0E46E9FB-AF8C-061B-D574-4E2941615603">
<createdBy>OH QI HEN</createdBy>
<createdTime>2024-09-17 22:45:24 UTC</createdTime>
<ownerDesignName>rcl_logical</ownerDesignName>
<engineerTo>
<item key="EF917CCA-3311-FB0A-5003-93A67C27531A" value="true"/>
</engineerTo>
<sourcePk>7EA4E128-47C1-A3BB-15CC-0193DA80F308</sourcePk>
<identifying>false</identifying>
<nameOnSource>loaned_out</nameOnSource>
<nameOnTarget> </nameOnTarget>
<optionalSource>true</optionalSource>
<optionalTarget>false</optionalTarget>
<sourceCardinality>1</sourceCardinality>
<sourceEntity>65CD2F4F-23EB-987A-BF4F-6C80AAC7FC51</sourceEntity>
<targetCardinalityString>*</targetCardinalityString>
<targetEntity>24D78BFD-8B53-FDBE-FB92-28421B3E03D1</targetEntity>
<transferable>true</transferable>
<deleteRule>NO ACTION</deleteRule>
</Relation>
