<?xml version = '1.0' encoding = 'UTF-8'?>
<Relation class="oracle.dbtools.crest.model.design.logical.Relation" name="bookstatus_book_fk" directorySegmentName="seg_0" id="156576EA-8D0F-FEEF-01C8-B95AF23BA1DB">
<createdBy>OH QI HEN</createdBy>
<createdTime>2024-09-16 03:22:35 UTC</createdTime>
<ownerDesignName>rcl_logical</ownerDesignName>
<engineerTo>
<item key="EF917CCA-3311-FB0A-5003-93A67C27531A" value="true"/>
</engineerTo>
<sourcePk>8C208A4F-C104-9500-C517-62BD2C399D40</sourcePk>
<identifying>false</identifying>
<nameOnSource>has</nameOnSource>
<nameOnTarget>  </nameOnTarget>
<optionalSource>true</optionalSource>
<optionalTarget>false</optionalTarget>
<sourceCardinality>1</sourceCardinality>
<sourceEntity>402EAFDB-0732-7EDB-4C7B-930A2581C306</sourceEntity>
<targetCardinalityString>*</targetCardinalityString>
<targetEntity>65CD2F4F-23EB-987A-BF4F-6C80AAC7FC51</targetEntity>
<transferable>true</transferable>
<deleteRule>NO ACTION</deleteRule>
</Relation>
