<?xml version = '1.0' encoding = 'UTF-8'?>
<Relation class="oracle.dbtools.crest.model.design.logical.Relation" name="author_author_catal_fk" directorySegmentName="seg_0" id="1F3E5801-FC27-412C-2477-B05680980088">
<createdBy>OH QI HEN</createdBy>
<createdTime>2024-09-16 03:44:51 UTC</createdTime>
<ownerDesignName>rcl_logical</ownerDesignName>
<engineerTo>
<item key="EF917CCA-3311-FB0A-5003-93A67C27531A" value="true"/>
</engineerTo>
<sourcePk>B9F97A3B-3B14-B0F8-9395-5A15301AD876</sourcePk>
<identifying>true</identifying>
<nameOnSource>is_categorised_as</nameOnSource>
<nameOnTarget> </nameOnTarget>
<optionalSource>false</optionalSource>
<optionalTarget>false</optionalTarget>
<sourceCardinality>1</sourceCardinality>
<sourceEntity>EDFCA3DD-96F8-C323-FFE3-7BB622C84BF7</sourceEntity>
<targetCardinalityString>*</targetCardinalityString>
<targetEntity>D1A7A493-BB80-8325-59E5-98E8EE90C951</targetEntity>
<transferable>true</transferable>
<deleteRule>NO ACTION</deleteRule>
</Relation>
