<?xml version = '1.0' encoding = 'UTF-8'?>
<Relation class="oracle.dbtools.crest.model.design.logical.Relation" name="manager_branch_fk" directorySegmentName="seg_0" id="39164C8C-D245-0F53-E9D1-FB92A2B57617">
<createdBy>OH QI HEN</createdBy>
<createdTime>2024-09-16 07:55:44 UTC</createdTime>
<ownerDesignName>rcl_logical</ownerDesignName>
<engineerTo>
<item key="EF917CCA-3311-FB0A-5003-93A67C27531A" value="true"/>
</engineerTo>
<sourcePk>8B1CE216-3939-2758-9376-1BA7A80521D1</sourcePk>
<identifying>false</identifying>
<nameOnSource>manages</nameOnSource>
<nameOnTarget> </nameOnTarget>
<optionalSource>false</optionalSource>
<optionalTarget>false</optionalTarget>
<sourceCardinality>1</sourceCardinality>
<sourceEntity>4BDA69B7-CFF1-32D2-2353-2B4BE38C7693</sourceEntity>
<targetCardinalityString>*</targetCardinalityString>
<targetEntity>7E267046-423F-C1FD-9D7C-179FE3720276</targetEntity>
<transferable>true</transferable>
<deleteRule>NO ACTION</deleteRule>
</Relation>
