<?xml version = '1.0' encoding = 'UTF-8'?>
<Relation class="oracle.dbtools.crest.model.design.logical.Relation" name="borrower_reservation_fk" directorySegmentName="seg_0" id="4929AE56-4F8F-863F-6890-BF9609308E3D">
<createdBy>OH QI HEN</createdBy>
<createdTime>2024-09-16 08:01:43 UTC</createdTime>
<ownerDesignName>rcl_logical</ownerDesignName>
<engineerTo>
<item key="EF917CCA-3311-FB0A-5003-93A67C27531A" value="true"/>
</engineerTo>
<sourcePk>9A1F267E-14BF-A9C7-6EAF-7E65C5D6CD1A</sourcePk>
<identifying>false</identifying>
<nameOnSource>places </nameOnSource>
<nameOnTarget> </nameOnTarget>
<optionalSource>true</optionalSource>
<optionalTarget>false</optionalTarget>
<sourceCardinality>1</sourceCardinality>
<sourceEntity>D3B30F58-29F6-237C-ED6C-9873C1CA3BA5</sourceEntity>
<targetCardinalityString>*</targetCardinalityString>
<targetEntity>12B6474A-C660-C7AC-1BF3-B16E232C68D3</targetEntity>
<transferable>true</transferable>
<deleteRule>NO ACTION</deleteRule>
</Relation>
