<?xml version = '1.0' encoding = 'UTF-8'?>
<Relation class="oracle.dbtools.crest.model.design.logical.Relation" name="subject_cataloguesubject_fk" directorySegmentName="seg_0" id="671DDC31-E0A3-E40B-CCB3-35D5EFA59B16">
<createdBy>OH QI HEN</createdBy>
<createdTime>2024-09-16 08:06:59 UTC</createdTime>
<ownerDesignName>rcl_logical</ownerDesignName>
<engineerTo>
<item key="EF917CCA-3311-FB0A-5003-93A67C27531A" value="true"/>
</engineerTo>
<sourcePk>EDC7E727-41E7-04CF-51BB-BE360FD9DD37</sourcePk>
<identifying>true</identifying>
<nameOnSource>associated_with</nameOnSource>
<nameOnTarget> </nameOnTarget>
<optionalSource>true</optionalSource>
<optionalTarget>false</optionalTarget>
<sourceCardinality>1</sourceCardinality>
<sourceEntity>BA16C687-9250-37DA-6417-A195DD27A8DA</sourceEntity>
<targetCardinalityString>*</targetCardinalityString>
<targetEntity>B4393ADE-614B-8CF1-AECD-F68A1E699092</targetEntity>
<transferable>true</transferable>
<deleteRule>NO ACTION</deleteRule>
</Relation>
