<?xml version = '1.0' encoding = 'UTF-8'?>
<Relation class="oracle.dbtools.crest.model.design.logical.Relation" name="borrower_branch_fk" directorySegmentName="seg_0" id="8283035A-0EA5-8220-5E45-5C3F0CA0054E">
<createdBy>OH QI HEN</createdBy>
<createdTime>2024-09-16 07:58:21 UTC</createdTime>
<ownerDesignName>rcl_logical</ownerDesignName>
<engineerTo>
<item key="EF917CCA-3311-FB0A-5003-93A67C27531A" value="true"/>
</engineerTo>
<sourcePk>240AAA93-A976-32D5-6550-1036FF1E5799</sourcePk>
<identifying>false</identifying>
<nameOnSource>belongs_to</nameOnSource>
<nameOnTarget> </nameOnTarget>
<optionalSource>true</optionalSource>
<optionalTarget>false</optionalTarget>
<sourceCardinality>1</sourceCardinality>
<sourceEntity>7E267046-423F-C1FD-9D7C-179FE3720276</sourceEntity>
<targetCardinalityString>*</targetCardinalityString>
<targetEntity>D3B30F58-29F6-237C-ED6C-9873C1CA3BA5</targetEntity>
<transferable>true</transferable>
<deleteRule>NO ACTION</deleteRule>
</Relation>
