<?xml version = '1.0' encoding = 'UTF-8'?>
<Relation class="oracle.dbtools.crest.model.design.logical.Relation" name="isbn_book_fk" directorySegmentName="seg_0" id="ADFA037D-AF9D-9B33-50B6-F0B73946EA58">
<createdBy>OH QI HEN</createdBy>
<createdTime>2024-09-16 03:39:40 UTC</createdTime>
<ownerDesignName>rcl_logical</ownerDesignName>
<engineerTo>
<item key="EF917CCA-3311-FB0A-5003-93A67C27531A" value="true"/>
</engineerTo>
<sourcePk>75D8A1F0-C69B-5A04-4858-E13D9AF33DD5</sourcePk>
<identifying>false</identifying>
<nameOnSource>represent_copy_of</nameOnSource>
<nameOnTarget> </nameOnTarget>
<optionalSource>true</optionalSource>
<optionalTarget>false</optionalTarget>
<sourceCardinality>1</sourceCardinality>
<sourceEntity>DE547D10-7B01-B5AD-6CE2-FA2A0B477849</sourceEntity>
<targetCardinalityString>*</targetCardinalityString>
<targetEntity>65CD2F4F-23EB-987A-BF4F-6C80AAC7FC51</targetEntity>
<transferable>true</transferable>
<deleteRule>NO ACTION</deleteRule>
</Relation>
