<?xml version = '1.0' encoding = 'UTF-8'?>
<Relation class="oracle.dbtools.crest.model.design.logical.Relation" name="catal_author_catalogue_fk" directorySegmentName="seg_0" id="AE315F7C-B71B-40E5-7913-426B04869CBE">
<createdBy>OH QI HEN</createdBy>
<createdTime>2024-09-16 03:43:41 UTC</createdTime>
<ownerDesignName>rcl_logical</ownerDesignName>
<engineerTo>
<item key="EF917CCA-3311-FB0A-5003-93A67C27531A" value="true"/>
</engineerTo>
<sourcePk>D7A84B12-0751-B9F5-523D-50E140B4EF6E</sourcePk>
<identifying>true</identifying>
<nameOnSource>written_by </nameOnSource>
<nameOnTarget> </nameOnTarget>
<optionalSource>false</optionalSource>
<optionalTarget>false</optionalTarget>
<sourceCardinality>1</sourceCardinality>
<sourceEntity>3E55B8D4-3A0D-B7E6-256C-B053B9762467</sourceEntity>
<targetCardinalityString>*</targetCardinalityString>
<targetEntity>D1A7A493-BB80-8325-59E5-98E8EE90C951</targetEntity>
<transferable>true</transferable>
<deleteRule>NO ACTION</deleteRule>
</Relation>
