<?xml version = '1.0' encoding = 'UTF-8'?>
<Relation class="oracle.dbtools.crest.model.design.logical.Relation" name="publisher_catalogue_fk" directorySegmentName="seg_0" id="EB6FE2DE-9423-AD4A-4332-2675DC810385">
<createdBy>OH QI HEN</createdBy>
<createdTime>2024-09-16 08:06:17 UTC</createdTime>
<ownerDesignName>rcl_logical</ownerDesignName>
<engineerTo>
<item key="EF917CCA-3311-FB0A-5003-93A67C27531A" value="true"/>
</engineerTo>
<sourcePk>FFA07B3D-21DD-C6F3-F9AE-FC808B8C240C</sourcePk>
<identifying>false</identifying>
<nameOnSource>publishes</nameOnSource>
<nameOnTarget> </nameOnTarget>
<optionalSource>false</optionalSource>
<optionalTarget>false</optionalTarget>
<sourceCardinality>1</sourceCardinality>
<sourceEntity>2CCFEF6D-C7AC-35D0-1EA0-DD8FDF7EF155</sourceEntity>
<targetCardinalityString>*</targetCardinalityString>
<targetEntity>3E55B8D4-3A0D-B7E6-256C-B053B9762467</targetEntity>
<transferable>true</transferable>
<deleteRule>NO ACTION</deleteRule>
</Relation>
