<?xml version = '1.0' encoding = 'UTF-8'?>
<Diagram class="oracle.dbtools.crest.swingui.relational.DPVRelational" name="Relational_1" id="BF32445A-9862-583B-9F39-AC9AB4F1005B">
<createdBy>OH QI HEN</createdBy>
<modifiedBy>OH QI HEN</modifiedBy>
<createdTime>2024-09-14 02:52:31 UTC</createdTime>
<autoRoute>false</autoRoute>
<boxInbox>true</boxInbox>
<showLegend>false</showLegend>
<showLabels>false</showLabels>
<showRelAttributes>false</showRelAttributes>
<gridEnabled>false</gridEnabled>
<showGrid>false</showGrid>
<diagramColor>-1</diagramColor>
<display>false</display>
<notation>1</notation>
<objectViews>
<OView class="oracle.dbtools.crest.swingui.relational.TVTable" oid="0534B6C3-3C7A-FCEE-93E8-FA2538F5E28A" otype="Table" vid="031C235D-03A3-05AD-0C8D-EC7E7028AD26">
<hideElementsInCurrentOnly>false</hideElementsInCurrentOnly>
<bounds x="770" y="331" width="261" height="122"/>
</OView>
<OView class="oracle.dbtools.crest.swingui.relational.TVTable" oid="09655DA3-4EE3-249D-467C-F90F76B6090F" otype="Table" vid="431C7024-A415-89CA-06D4-B4DEF4546BB3">
<hideElementsInCurrentOnly>false</hideElementsInCurrentOnly>
<bounds x="213" y="1171" width="277" height="102"/>
</OView>
<OView class="oracle.dbtools.crest.swingui.relational.TVTable" oid="145E8A6B-8315-5C47-D3B7-DF9DA58A392A" otype="Table" vid="5A51AE3F-476A-2D8D-EAF5-CBB121195AF3">
<hideElementsInCurrentOnly>false</hideElementsInCurrentOnly>
<bounds x="194" y="337" width="264" height="164"/>
</OView>
<OView class="oracle.dbtools.crest.swingui.relational.TVTable" oid="1AD79EFD-B465-1D2E-A807-AAB94E7B2295" otype="Table" vid="52A21F1F-B56A-6D47-E1B4-4DCF4BBA60B5">
<hideElementsInCurrentOnly>false</hideElementsInCurrentOnly>
<bounds x="358" y="581" width="322" height="220"/>
</OView>
<OView class="oracle.dbtools.crest.swingui.relational.TVTable" oid="30082DF2-3F4B-8816-8A8B-BECD49913979" otype="Table" vid="407C5118-A324-F342-0AC5-3D16B9F87774">
<hideElementsInCurrentOnly>false</hideElementsInCurrentOnly>
<bounds x="725" y="760" width="329" height="108"/>
</OView>
<OView class="oracle.dbtools.crest.swingui.relational.TVTable" oid="52313001-7F9C-03E8-6E35-B793BD6FD773" otype="Table" vid="4F0B4770-F914-A502-8935-76B427DA8F28">
<hideElementsInCurrentOnly>false</hideElementsInCurrentOnly>
<bounds x="734" y="482" width="257" height="220"/>
</OView>
<OView class="oracle.dbtools.crest.swingui.relational.TVTable" oid="587521AC-4269-1F51-7382-E57D995B51BC" otype="Table" vid="1BEF7FB0-F0C6-DE3B-F3DA-2BD0D82CAB3D">
<hideElementsInCurrentOnly>false</hideElementsInCurrentOnly>
<bounds x="1066" y="229" width="233" height="74"/>
</OView>
<OView class="oracle.dbtools.crest.swingui.relational.TVTable" oid="62BB3DDF-1A13-64DB-9A64-CAAB326A28D9" otype="Table" vid="F43AA96C-2EEA-170A-847F-E55749C22E9C">
<hideElementsInCurrentOnly>false</hideElementsInCurrentOnly>
<bounds x="502" y="208" width="216" height="74"/>
</OView>
<OView class="oracle.dbtools.crest.swingui.relational.TVTable" oid="65440993-15DD-9930-B276-F44D5C469DED" otype="Table" vid="A3A5262A-C3A1-9457-6BE4-19822DFB4A95">
<hideElementsInCurrentOnly>false</hideElementsInCurrentOnly>
<bounds x="762" y="900" width="214" height="88"/>
</OView>
<OView class="oracle.dbtools.crest.swingui.relational.TVTable" oid="660B0599-44C5-3760-BD1F-78504AAAAEA8" otype="Table" vid="6ABBF90E-9BEF-0405-C2C4-55D4AC605684">
<hideElementsInCurrentOnly>false</hideElementsInCurrentOnly>
<bounds x="38" y="670" width="267" height="156"/>
</OView>
<OView class="oracle.dbtools.crest.swingui.relational.TVTable" oid="8EC95A9C-FE6D-2FD8-56A0-2B6EEF9A8865" otype="Table" vid="9C8B8724-BD82-67FA-3DA8-41926F8DAA8A">
<hideElementsInCurrentOnly>false</hideElementsInCurrentOnly>
<bounds x="483" y="341" width="237" height="164"/>
</OView>
<OView class="oracle.dbtools.crest.swingui.relational.TVTable" oid="AFB1012C-CFD3-BB3D-811A-358DCD3035D7" otype="Table" vid="203FE5B3-D285-EF9E-512E-17B883535216">
<hideElementsInCurrentOnly>false</hideElementsInCurrentOnly>
<bounds x="1089" y="612" width="211" height="74"/>
</OView>
<OView class="oracle.dbtools.crest.swingui.relational.TVTable" oid="BDC76547-34D2-223F-C4A2-7D5AB018D62E" otype="Table" vid="FE6E67D0-505C-851D-2E11-359D503651CA">
<hideElementsInCurrentOnly>false</hideElementsInCurrentOnly>
<bounds x="196" y="158" width="270" height="116"/>
</OView>
<OView class="oracle.dbtools.crest.swingui.relational.TVTable" oid="C1E3A921-3941-F674-4CC6-B2B722E90961" otype="Table" vid="A43CA775-4A00-96FE-57F0-D75C8AE4E414">
<hideElementsInCurrentOnly>false</hideElementsInCurrentOnly>
<bounds x="225" y="879" width="270" height="234"/>
</OView>
<OView class="oracle.dbtools.crest.swingui.relational.TVTable" oid="D25F4CEF-0040-7378-9FDD-57003A438B52" otype="Table" vid="F1615C89-96B3-DFBB-BEA5-597AC01AD565">
<hideElementsInCurrentOnly>false</hideElementsInCurrentOnly>
<bounds x="1071" y="468" width="290" height="108"/>
</OView>
<OView class="oracle.dbtools.crest.swingui.relational.TVTable" oid="EF2C1A51-6226-47C3-99E1-B6BDC712C35B" otype="Table" vid="0EFDCC2C-711C-2B84-4011-8D9782798F24">
<hideElementsInCurrentOnly>false</hideElementsInCurrentOnly>
<bounds x="666" y="1053" width="332" height="164"/>
</OView>
</objectViews>
<connectors>
<Connector class="oracle.dbtools.crest.swingui.relational.TVFKRelation" oid="06E284D3-F6CA-3356-C0C9-A137B0BC0390" otype="FKIndexAssociation" vid_source="A43CA775-4A00-96FE-57F0-D75C8AE4E414" vid_target="0EFDCC2C-711C-2B84-4011-8D9782798F24">
<hideElementsInCurrentOnly>false</hideElementsInCurrentOnly>
<backgroundColor>-16777216</backgroundColor>
<lineWidth>1</lineWidth>
<points>
<point x="495" y="1083"/>
<point x="666" y="1083"/>
</points>
</Connector>
<Connector class="oracle.dbtools.crest.swingui.relational.TVFKRelation" oid="29B266C7-3968-40B9-435B-82B2B6FB3337" otype="FKIndexAssociation" vid_source="F43AA96C-2EEA-170A-847F-E55749C22E9C" vid_target="9C8B8724-BD82-67FA-3DA8-41926F8DAA8A">
<hideElementsInCurrentOnly>false</hideElementsInCurrentOnly>
<backgroundColor>-16777216</backgroundColor>
<lineWidth>1</lineWidth>
<points>
<point x="610" y="282"/>
<point x="610" y="341"/>
</points>
</Connector>
<Connector class="oracle.dbtools.crest.swingui.relational.TVFKRelation" oid="2FA59090-11A4-BC48-FC10-36B065E16B87" otype="FKIndexAssociation" vid_source="5A51AE3F-476A-2D8D-EAF5-CBB121195AF3" vid_target="A43CA775-4A00-96FE-57F0-D75C8AE4E414">
<hideElementsInCurrentOnly>false</hideElementsInCurrentOnly>
<backgroundColor>-16777216</backgroundColor>
<lineWidth>1</lineWidth>
<points>
<point x="341" y="501"/>
<point x="341" y="879"/>
</points>
</Connector>
<Connector class="oracle.dbtools.crest.swingui.relational.TVFKRelation" oid="347628FA-54BF-1CF4-A42D-570414C4FE88" otype="FKIndexAssociation" vid_source="4F0B4770-F914-A502-8935-76B427DA8F28" vid_target="031C235D-03A3-05AD-0C8D-EC7E7028AD26">
<hideElementsInCurrentOnly>false</hideElementsInCurrentOnly>
<backgroundColor>-16777216</backgroundColor>
<lineWidth>1</lineWidth>
<points>
<point x="880" y="482"/>
<point x="880" y="453"/>
</points>
</Connector>
<Connector class="oracle.dbtools.crest.swingui.relational.TVFKRelation" oid="411B9330-38B4-A423-774C-99DBC77A08D3" otype="FKIndexAssociation" vid_source="A3A5262A-C3A1-9457-6BE4-19822DFB4A95" vid_target="407C5118-A324-F342-0AC5-3D16B9F87774">
<hideElementsInCurrentOnly>false</hideElementsInCurrentOnly>
<backgroundColor>-16777216</backgroundColor>
<lineWidth>1</lineWidth>
<points>
<point x="869" y="900"/>
<point x="869" y="868"/>
</points>
</Connector>
<Connector class="oracle.dbtools.crest.swingui.relational.TVFKRelation" oid="631294EF-FBF1-992F-8371-EDB7C11FAADC" otype="FKIndexAssociation" vid_source="A43CA775-4A00-96FE-57F0-D75C8AE4E414" vid_target="52A21F1F-B56A-6D47-E1B4-4DCF4BBA60B5">
<hideElementsInCurrentOnly>false</hideElementsInCurrentOnly>
<backgroundColor>-16777216</backgroundColor>
<lineWidth>1</lineWidth>
<points>
<point x="426" y="879"/>
<point x="426" y="801"/>
</points>
</Connector>
<Connector class="oracle.dbtools.crest.swingui.relational.TVFKRelation" oid="703D6F64-A0C0-B5A6-DB8C-78E08C9C83BB" otype="FKIndexAssociation" vid_source="6ABBF90E-9BEF-0405-C2C4-55D4AC605684" vid_target="5A51AE3F-476A-2D8D-EAF5-CBB121195AF3">
<hideElementsInCurrentOnly>false</hideElementsInCurrentOnly>
<backgroundColor>-16777216</backgroundColor>
<lineWidth>1</lineWidth>
<points>
<point x="264" y="670"/>
<point x="264" y="501"/>
</points>
</Connector>
<Connector class="oracle.dbtools.crest.swingui.relational.TVFKRelation" oid="739DD1D9-C5BB-3F4A-B801-D8E5261A8458" otype="FKIndexAssociation" vid_source="1BEF7FB0-F0C6-DE3B-F3DA-2BD0D82CAB3D" vid_target="F1615C89-96B3-DFBB-BEA5-597AC01AD565">
<hideElementsInCurrentOnly>false</hideElementsInCurrentOnly>
<backgroundColor>-16777216</backgroundColor>
<lineWidth>1</lineWidth>
<points>
<point x="1185" y="303"/>
<point x="1185" y="468"/>
</points>
</Connector>
<Connector class="oracle.dbtools.crest.swingui.relational.TVFKRelation" oid="875A08CA-A4CF-AF8B-7972-63CF191154CE" otype="FKIndexAssociation" vid_source="4F0B4770-F914-A502-8935-76B427DA8F28" vid_target="407C5118-A324-F342-0AC5-3D16B9F87774">
<hideElementsInCurrentOnly>false</hideElementsInCurrentOnly>
<backgroundColor>-16777216</backgroundColor>
<lineWidth>1</lineWidth>
<points>
<point x="862" y="702"/>
<point x="862" y="760"/>
</points>
</Connector>
<Connector class="oracle.dbtools.crest.swingui.relational.TVFKRelation" oid="8A46E63A-03B6-05F8-D189-14F50DD4E6A1" otype="FKIndexAssociation" vid_source="9C8B8724-BD82-67FA-3DA8-41926F8DAA8A" vid_target="0EFDCC2C-711C-2B84-4011-8D9782798F24">
<hideElementsInCurrentOnly>false</hideElementsInCurrentOnly>
<backgroundColor>-16777216</backgroundColor>
<lineWidth>1</lineWidth>
<points>
<point x="693" y="505"/>
<point x="693" y="1053"/>
</points>
</Connector>
<Connector class="oracle.dbtools.crest.swingui.relational.TVFKRelation" oid="8C41FB7E-D157-C9A1-C264-AD4DF56754AC" otype="FKIndexAssociation" vid_source="4F0B4770-F914-A502-8935-76B427DA8F28" vid_target="F1615C89-96B3-DFBB-BEA5-597AC01AD565">
<hideElementsInCurrentOnly>false</hideElementsInCurrentOnly>
<backgroundColor>-16777216</backgroundColor>
<lineWidth>1</lineWidth>
<points>
<point x="991" y="529"/>
<point x="1071" y="529"/>
</points>
</Connector>
<Connector class="oracle.dbtools.crest.swingui.relational.TVFKRelation" oid="A31A746F-10AE-122D-40F9-8E3471BC2F92" otype="FKIndexAssociation" vid_source="431C7024-A415-89CA-06D4-B4DEF4546BB3" vid_target="A43CA775-4A00-96FE-57F0-D75C8AE4E414">
<hideElementsInCurrentOnly>false</hideElementsInCurrentOnly>
<backgroundColor>-16777216</backgroundColor>
<lineWidth>1</lineWidth>
<points>
<point x="357" y="1171"/>
<point x="357" y="1113"/>
</points>
</Connector>
<Connector class="oracle.dbtools.crest.swingui.relational.TVFKRelation" oid="ACFE0804-A6D2-21DE-2926-C3F2F92883C4" otype="FKIndexAssociation" vid_source="5A51AE3F-476A-2D8D-EAF5-CBB121195AF3" vid_target="9C8B8724-BD82-67FA-3DA8-41926F8DAA8A">
<hideElementsInCurrentOnly>false</hideElementsInCurrentOnly>
<backgroundColor>-16777216</backgroundColor>
<lineWidth>1</lineWidth>
<points>
<point x="458" y="421"/>
<point x="483" y="421"/>
</points>
</Connector>
<Connector class="oracle.dbtools.crest.swingui.relational.TVFKRelation" oid="B7E6AFE1-9A31-690C-D65E-E48EBE592624" otype="FKIndexAssociation" vid_source="203FE5B3-D285-EF9E-512E-17B883535216" vid_target="4F0B4770-F914-A502-8935-76B427DA8F28">
<hideElementsInCurrentOnly>false</hideElementsInCurrentOnly>
<backgroundColor>-16777216</backgroundColor>
<lineWidth>1</lineWidth>
<points>
<point x="1089" y="649"/>
<point x="991" y="649"/>
</points>
</Connector>
<Connector class="oracle.dbtools.crest.swingui.relational.TVFKRelation" oid="C8088B71-CDE7-64C9-DBC8-16B172921FBC" otype="FKIndexAssociation" vid_source="5A51AE3F-476A-2D8D-EAF5-CBB121195AF3" vid_target="6ABBF90E-9BEF-0405-C2C4-55D4AC605684">
<hideElementsInCurrentOnly>false</hideElementsInCurrentOnly>
<backgroundColor>-16777216</backgroundColor>
<lineWidth>1</lineWidth>
<points>
<point x="279" y="501"/>
<point x="279" y="670"/>
</points>
</Connector>
<Connector class="oracle.dbtools.crest.swingui.relational.TVFKRelation" oid="DE6A4EC3-7E8D-3B19-8F66-865E948E2C4B" otype="FKIndexAssociation" vid_source="9C8B8724-BD82-67FA-3DA8-41926F8DAA8A" vid_target="52A21F1F-B56A-6D47-E1B4-4DCF4BBA60B5">
<hideElementsInCurrentOnly>false</hideElementsInCurrentOnly>
<backgroundColor>-16777216</backgroundColor>
<lineWidth>1</lineWidth>
<points>
<point x="581" y="505"/>
<point x="581" y="581"/>
</points>
</Connector>
<Connector class="oracle.dbtools.crest.swingui.relational.TVFKRelation" oid="EF989EBC-9577-DA90-3C5D-132619AC8025" otype="FKIndexAssociation" vid_source="FE6E67D0-505C-851D-2E11-359D503651CA" vid_target="5A51AE3F-476A-2D8D-EAF5-CBB121195AF3">
<hideElementsInCurrentOnly>false</hideElementsInCurrentOnly>
<backgroundColor>-16777216</backgroundColor>
<lineWidth>1</lineWidth>
<points>
<point x="327" y="274"/>
<point x="327" y="337"/>
</points>
</Connector>
<Connector class="oracle.dbtools.crest.swingui.relational.TVFKRelation" oid="F13F5350-87F4-2918-E200-960F3B5D0BB5" otype="FKIndexAssociation" vid_source="031C235D-03A3-05AD-0C8D-EC7E7028AD26" vid_target="9C8B8724-BD82-67FA-3DA8-41926F8DAA8A">
<hideElementsInCurrentOnly>false</hideElementsInCurrentOnly>
<backgroundColor>-16777216</backgroundColor>
<lineWidth>1</lineWidth>
<points>
<point x="770" y="397"/>
<point x="720" y="397"/>
</points>
</Connector>
</connectors>
</Diagram>
