<?xml version = '1.0' encoding = 'UTF-8'?>
<Entity class="oracle.dbtools.crest.model.design.logical.Entity" directorySegmentName="seg_0" id="186DE5CC-123C-4010-CEC3-0EABB849E3FC" name="LGA">
<createdBy>Hirun</createdBy>
<createdTime>2024-09-14 12:58:51 UTC</createdTime>
<ownerDesignName>rcl_logical</ownerDesignName>
<engineerTo>
<item key="EF917CCA-3311-FB0A-5003-93A67C27531A" value="true"/>
</engineerTo>
<adequatelyNormalized>NO</adequatelyNormalized>
<expectedVolumes>0</expectedVolumes>
<fwdEngineeringStrategyName>Single Table</fwdEngineeringStrategyName>
<growthPercent>0</growthPercent>
<growthType>Year</growthType>
<maxVolumes>9999999</maxVolumes>
<minVolumes>0</minVolumes>
<normalForm>Third</normalForm>
<attributes itemClass="oracle.dbtools.crest.model.design.logical.Attribute">
<Attribute name="lga_code" id="B3B51F00-5CEB-9E42-DBA6-CBD66C3EB491">
<createdBy>Hirun</createdBy>
<createdTime>2024-09-14 13:02:20 UTC</createdTime>
<commentInRDBMS><![CDATA[LGA code]]></commentInRDBMS>
<ownerDesignName>rcl_logical</ownerDesignName>
<engineerTo>
<item key="EF917CCA-3311-FB0A-5003-93A67C27531A" value="true"/>
</engineerTo>
<useDomainConstraints>false</useDomainConstraints>
<use>1</use>
<logicalDatatype>LOGDT019</logicalDatatype>
<dataTypePrecision>5</dataTypePrecision>
<ownDataTypeParameters>,5,</ownDataTypeParameters>
</Attribute>
<Attribute name="lga_name" id="02936885-0B0A-F876-A61D-720A976F1030">
<createdBy>Hirun</createdBy>
<createdTime>2024-09-16 00:38:11 UTC</createdTime>
<commentInRDBMS><![CDATA[LGA's name ]]></commentInRDBMS>
<ownerDesignName>rcl_logical</ownerDesignName>
<engineerTo>
<item key="EF917CCA-3311-FB0A-5003-93A67C27531A" value="true"/>
</engineerTo>
<useDomainConstraints>false</useDomainConstraints>
<use>1</use>
<logicalDatatype>LOGDT024</logicalDatatype>
<dataTypeSize>100</dataTypeSize>
<ownDataTypeParameters>100,,</ownDataTypeParameters>
</Attribute>
<Attribute name="lga_size" id="1F2CE5D9-4CFD-C992-58C3-D90AB0F27B7A">
<createdBy>Hirun</createdBy>
<createdTime>2024-09-16 00:39:39 UTC</createdTime>
<commentInRDBMS><![CDATA[LGA 's size in hectares ]]></commentInRDBMS>
<ownerDesignName>rcl_logical</ownerDesignName>
<engineerTo>
<item key="EF917CCA-3311-FB0A-5003-93A67C27531A" value="true"/>
</engineerTo>
<useDomainConstraints>false</useDomainConstraints>
<use>1</use>
<logicalDatatype>LOGDT019</logicalDatatype>
<dataTypePrecision>7</dataTypePrecision>
<dataTypeScale>2</dataTypeScale>
<ownDataTypeParameters>,7,2</ownDataTypeParameters>
</Attribute>
<Attribute name="lga_service_contact_name" id="D1A6A3FC-BE99-81B6-669A-58C95E38EF0F">
<createdBy>Hirun</createdBy>
<createdTime>2024-09-16 00:40:00 UTC</createdTime>
<commentInRDBMS><![CDATA[LGA Service Contact's name ]]></commentInRDBMS>
<ownerDesignName>rcl_logical</ownerDesignName>
<engineerTo>
<item key="EF917CCA-3311-FB0A-5003-93A67C27531A" value="true"/>
</engineerTo>
<useDomainConstraints>false</useDomainConstraints>
<use>1</use>
<logicalDatatype>LOGDT024</logicalDatatype>
<dataTypeSize>80</dataTypeSize>
<ownDataTypeParameters>80,,</ownDataTypeParameters>
</Attribute>
<Attribute name="lga_contact_phoneno" id="7D5ECEBC-C2D6-F757-CD0A-5FEF36DA113F">
<createdBy>Hirun</createdBy>
<createdTime>2024-09-16 00:40:40 UTC</createdTime>
<commentInRDBMS><![CDATA[LGA's contact phone number ]]></commentInRDBMS>
<ownerDesignName>rcl_logical</ownerDesignName>
<engineerTo>
<item key="EF917CCA-3311-FB0A-5003-93A67C27531A" value="true"/>
</engineerTo>
<useDomainConstraints>false</useDomainConstraints>
<use>1</use>
<logicalDatatype>LOGDT025</logicalDatatype>
<dataTypeSize>10</dataTypeSize>
<ownDataTypeParameters>10,,</ownDataTypeParameters>
</Attribute>
</attributes>
<identifiers itemClass="oracle.dbtools.crest.model.design.logical.CandidateKey">
<identifier id="9305A03B-789E-000B-1A5A-EA37E976E5F8" name="LGA PK">
<createdBy>Hirun</createdBy>
<createdTime>2024-09-14 13:03:55 UTC</createdTime>
<ownerDesignName>rcl_logical</ownerDesignName>
<shouldEngineer>false</shouldEngineer>
<engineerTo>
<item key="EF917CCA-3311-FB0A-5003-93A67C27531A" value="false"/>
</engineerTo>
<pk>true</pk>
<usedAttributes>
<attributeRef>B3B51F00-5CEB-9E42-DBA6-CBD66C3EB491</attributeRef>
</usedAttributes>
</identifier>
</identifiers>
</Entity>
