<?xml version = '1.0' encoding = 'UTF-8'?>
<Entity class="oracle.dbtools.crest.model.design.logical.Entity" directorySegmentName="seg_0" id="24D78BFD-8B53-FDBE-FB92-28421B3E03D1" name="LOAN">
<createdBy>OH QI HEN</createdBy>
<createdTime>2024-09-14 09:23:20 UTC</createdTime>
<ownerDesignName>rcl_logical</ownerDesignName>
<engineerTo>
<item key="EF917CCA-3311-FB0A-5003-93A67C27531A" value="true"/>
</engineerTo>
<adequatelyNormalized>NO</adequatelyNormalized>
<expectedVolumes>0</expectedVolumes>
<fwdEngineeringStrategyName>Single Table</fwdEngineeringStrategyName>
<growthPercent>0</growthPercent>
<growthType>Year</growthType>
<maxVolumes>9999999</maxVolumes>
<minVolumes>0</minVolumes>
<normalForm>Third</normalForm>
<attributes itemClass="oracle.dbtools.crest.model.design.logical.Attribute">
<Attribute name="loan_id " id="657C0B0B-C4BD-DD00-0A2A-C86EE9A70CCF">
<createdBy>OH QI HEN</createdBy>
<createdTime>2024-09-17 22:11:15 UTC</createdTime>
<commentInRDBMS><![CDATA[Loan id ]]></commentInRDBMS>
<ownerDesignName>rcl_logical</ownerDesignName>
<engineerTo>
<item key="EF917CCA-3311-FB0A-5003-93A67C27531A" value="true"/>
</engineerTo>
<useDomainConstraints>false</useDomainConstraints>
<use>1</use>
<logicalDatatype>LOGDT019</logicalDatatype>
<dataTypePrecision>7</dataTypePrecision>
<ownDataTypeParameters>,7,</ownDataTypeParameters>
</Attribute>
<Attribute name="loan_start_datetime " id="22242F00-3BCB-7830-83F0-567D57C7EF01">
<createdBy>OH QI HEN</createdBy>
<createdTime>2024-09-14 09:24:09 UTC</createdTime>
<commentInRDBMS><![CDATA[Loan start date time ]]></commentInRDBMS>
<ownerDesignName>rcl_logical</ownerDesignName>
<engineerTo>
<item key="EF917CCA-3311-FB0A-5003-93A67C27531A" value="true"/>
</engineerTo>
<useDomainConstraints>false</useDomainConstraints>
<use>1</use>
<logicalDatatype>LOGDT007</logicalDatatype>
<ownDataTypeParameters>,,</ownDataTypeParameters>
</Attribute>
<Attribute name="book_copyid" id="DB85D640-E602-92BE-9885-CB6843C82C4F">
<createdBy>OH QI HEN</createdBy>
<createdTime>2024-09-17 22:45:24 UTC</createdTime>
<commentInRDBMS><![CDATA[Book copy id ]]></commentInRDBMS>
<generatorID>0E46E9FB-AF8C-061B-D574-4E2941615603</generatorID>
<ownerDesignName>rcl_logical</ownerDesignName>
<engineerTo>
<item key="EF917CCA-3311-FB0A-5003-93A67C27531A" value="true"/>
</engineerTo>
<referedAttribute>7B98C994-144B-B6FF-7032-71F3FB58380A</referedAttribute>
<useDomainConstraints>false</useDomainConstraints>
<use>1</use>
<logicalDatatype>LOGDT019</logicalDatatype>
<dataTypePrecision>6</dataTypePrecision>
<ownDataTypeParameters>,6,</ownDataTypeParameters>
</Attribute>
<Attribute name="branch_code" id="9E38B37D-2826-78EF-CDC8-14A7FB0FB287">
<createdBy>OH QI HEN</createdBy>
<createdTime>2024-09-17 22:45:24 UTC</createdTime>
<commentInRDBMS><![CDATA[Branch code]]></commentInRDBMS>
<generatorID>0E46E9FB-AF8C-061B-D574-4E2941615603</generatorID>
<ownerDesignName>rcl_logical</ownerDesignName>
<engineerTo>
<item key="EF917CCA-3311-FB0A-5003-93A67C27531A" value="true"/>
</engineerTo>
<referedAttribute>2B00F082-947C-9825-E20D-3CC014C35CC5</referedAttribute>
<useDomainConstraints>false</useDomainConstraints>
<use>1</use>
<logicalDatatype>LOGDT019</logicalDatatype>
<dataTypePrecision>5</dataTypePrecision>
<ownDataTypeParameters>,5,</ownDataTypeParameters>
</Attribute>
<Attribute name="loan_due date " id="19EAA075-CBAD-5E20-9208-D3838E16EE3E">
<createdBy>OH QI HEN</createdBy>
<createdTime>2024-09-15 08:26:29 UTC</createdTime>
<commentInRDBMS><![CDATA[Loan due date ]]></commentInRDBMS>
<ownerDesignName>rcl_logical</ownerDesignName>
<engineerTo>
<item key="EF917CCA-3311-FB0A-5003-93A67C27531A" value="true"/>
</engineerTo>
<useDomainConstraints>false</useDomainConstraints>
<use>1</use>
<logicalDatatype>LOGDT007</logicalDatatype>
<ownDataTypeParameters>,,</ownDataTypeParameters>
</Attribute>
<Attribute name="loan_return_date_ and _time " id="8365B7A5-0587-7C88-25D2-202221B84BA8">
<createdBy>OH QI HEN</createdBy>
<createdTime>2024-09-15 08:26:57 UTC</createdTime>
<commentInRDBMS><![CDATA[Loan return date  and time ]]></commentInRDBMS>
<ownerDesignName>rcl_logical</ownerDesignName>
<engineerTo>
<item key="EF917CCA-3311-FB0A-5003-93A67C27531A" value="true"/>
</engineerTo>
<nullsAllowed>true</nullsAllowed>
<useDomainConstraints>false</useDomainConstraints>
<use>1</use>
<logicalDatatype>LOGDT007</logicalDatatype>
<ownDataTypeParameters>,,</ownDataTypeParameters>
</Attribute>
<Attribute name="loan_fine_amount" id="6A4748E6-09D5-318F-90A3-A33F0DC60C48">
<createdBy>OH QI HEN</createdBy>
<createdTime>2024-09-17 02:09:24 UTC</createdTime>
<commentInRDBMS><![CDATA[Loan fine amount ]]></commentInRDBMS>
<ownerDesignName>rcl_logical</ownerDesignName>
<engineerTo>
<item key="EF917CCA-3311-FB0A-5003-93A67C27531A" value="true"/>
</engineerTo>
<nullsAllowed>true</nullsAllowed>
<useDomainConstraints>false</useDomainConstraints>
<use>1</use>
<logicalDatatype>LOGDT019</logicalDatatype>
<dataTypePrecision>3</dataTypePrecision>
<ownDataTypeParameters>,3,</ownDataTypeParameters>
</Attribute>
<Attribute name="loan_date_finepaid " id="0BDEA10D-B9E2-5E87-5C37-AF51B70D9676">
<createdBy>OH QI HEN</createdBy>
<createdTime>2024-09-17 02:13:30 UTC</createdTime>
<commentInRDBMS><![CDATA[Loan date fine paid ]]></commentInRDBMS>
<ownerDesignName>rcl_logical</ownerDesignName>
<engineerTo>
<item key="EF917CCA-3311-FB0A-5003-93A67C27531A" value="true"/>
</engineerTo>
<nullsAllowed>true</nullsAllowed>
<useDomainConstraints>false</useDomainConstraints>
<use>1</use>
<logicalDatatype>LOGDT007</logicalDatatype>
<ownDataTypeParameters>,,</ownDataTypeParameters>
</Attribute>
<Attribute name="borrower_no" id="99E46351-635D-933B-910B-4EC756BF3BDB">
<createdBy>OH QI HEN</createdBy>
<createdTime>2024-09-17 22:46:06 UTC</createdTime>
<commentInRDBMS><![CDATA[Borrower number ]]></commentInRDBMS>
<generatorID>D0C280D7-818C-4D89-E46F-3895F070749E</generatorID>
<ownerDesignName>rcl_logical</ownerDesignName>
<engineerTo>
<item key="EF917CCA-3311-FB0A-5003-93A67C27531A" value="true"/>
</engineerTo>
<referedAttribute>F8D49DC5-D3DF-7E36-F315-AC7AF3498981</referedAttribute>
<useDomainConstraints>false</useDomainConstraints>
<use>1</use>
<logicalDatatype>LOGDT019</logicalDatatype>
<dataTypePrecision>6</dataTypePrecision>
<ownDataTypeParameters>,6,</ownDataTypeParameters>
</Attribute>
</attributes>
<identifiers itemClass="oracle.dbtools.crest.model.design.logical.CandidateKey">
<identifier id="03610955-5EB8-DBFB-18E0-FDA101E0BA52" name="LOAN PK">
<createdBy>OH QI HEN</createdBy>
<createdTime>2024-09-14 09:24:25 UTC</createdTime>
<ownerDesignName>rcl_logical</ownerDesignName>
<shouldEngineer>false</shouldEngineer>
<engineerTo>
<item key="EF917CCA-3311-FB0A-5003-93A67C27531A" value="false"/>
</engineerTo>
<pk>true</pk>
<newElementsIDs>657C0B0B-C4BD-DD00-0A2A-C86EE9A70CCF</newElementsIDs>
<usedAttributes>
<attributeRef>657C0B0B-C4BD-DD00-0A2A-C86EE9A70CCF</attributeRef>
</usedAttributes>
</identifier>
<identifier id="64D13FD2-2DFF-188B-51C9-58B0BA5284E1" name="LOAN_UQ">
<createdBy>OH QI HEN</createdBy>
<createdTime>2024-09-17 22:48:33 UTC</createdTime>
<ownerDesignName>rcl_logical</ownerDesignName>
<engineerTo>
<item key="EF917CCA-3311-FB0A-5003-93A67C27531A" value="true"/>
</engineerTo>
<newElementsIDs>22242F00-3BCB-7830-83F0-567D57C7EF01,DB85D640-E602-92BE-9885-CB6843C82C4F,9E38B37D-2826-78EF-CDC8-14A7FB0FB287</newElementsIDs>
<usedAttributes>
<attributeRef>22242F00-3BCB-7830-83F0-567D57C7EF01</attributeRef>
<attributeRef>DB85D640-E602-92BE-9885-CB6843C82C4F</attributeRef>
<attributeRef>9E38B37D-2826-78EF-CDC8-14A7FB0FB287</attributeRef>
</usedAttributes>
</identifier>
</identifiers>
</Entity>
