<?xml version = '1.0' encoding = 'UTF-8'?>
<Entity class="oracle.dbtools.crest.model.design.logical.Entity" directorySegmentName="seg_0" id="402EAFDB-0732-7EDB-4C7B-930A2581C306" name="BOOKSTATUS">
<createdBy>OH QI HEN</createdBy>
<createdTime>2024-09-15 08:03:09 UTC</createdTime>
<ownerDesignName>rcl_logical</ownerDesignName>
<engineerTo>
<item key="EF917CCA-3311-FB0A-5003-93A67C27531A" value="true"/>
</engineerTo>
<adequatelyNormalized>NO</adequatelyNormalized>
<expectedVolumes>0</expectedVolumes>
<fwdEngineeringStrategyName>Single Table</fwdEngineeringStrategyName>
<growthPercent>0</growthPercent>
<growthType>Year</growthType>
<maxVolumes>9999999</maxVolumes>
<minVolumes>0</minVolumes>
<normalForm>Third</normalForm>
<attributes itemClass="oracle.dbtools.crest.model.design.logical.Attribute">
<Attribute name="bookstatus_id" id="4C6C4754-70C9-2E1D-9A02-1643B42F751F">
<createdBy>OH QI HEN</createdBy>
<createdTime>2024-09-15 08:03:24 UTC</createdTime>
<commentInRDBMS><![CDATA[book status id ]]></commentInRDBMS>
<ownerDesignName>rcl_logical</ownerDesignName>
<engineerTo>
<item key="EF917CCA-3311-FB0A-5003-93A67C27531A" value="true"/>
</engineerTo>
<useDomainConstraints>false</useDomainConstraints>
<use>1</use>
<logicalDatatype>LOGDT019</logicalDatatype>
<dataTypePrecision>2</dataTypePrecision>
<ownDataTypeParameters>,2,</ownDataTypeParameters>
</Attribute>
<Attribute name="bookstatus_name " id="6CFA7464-D589-E998-ABAB-7C7568E05D9E">
<createdBy>OH QI HEN</createdBy>
<createdTime>2024-09-15 08:30:09 UTC</createdTime>
<commentInRDBMS><![CDATA[Book Status Name ]]></commentInRDBMS>
<ownerDesignName>rcl_logical</ownerDesignName>
<engineerTo>
<item key="EF917CCA-3311-FB0A-5003-93A67C27531A" value="true"/>
</engineerTo>
<useDomainConstraints>false</useDomainConstraints>
<use>1</use>
<logicalDatatype>LOGDT024</logicalDatatype>
<dataTypeSize>20</dataTypeSize>
<ownDataTypeParameters>20,,</ownDataTypeParameters>
</Attribute>
</attributes>
<identifiers itemClass="oracle.dbtools.crest.model.design.logical.CandidateKey">
<identifier id="8C208A4F-C104-9500-C517-62BD2C399D40" name="BOOKSTATUS PK">
<createdBy>OH QI HEN</createdBy>
<createdTime>2024-09-15 08:03:43 UTC</createdTime>
<ownerDesignName>rcl_logical</ownerDesignName>
<engineerTo>
<item key="EF917CCA-3311-FB0A-5003-93A67C27531A" value="true"/>
</engineerTo>
<pk>true</pk>
<usedAttributes>
<attributeRef>4C6C4754-70C9-2E1D-9A02-1643B42F751F</attributeRef>
</usedAttributes>
</identifier>
</identifiers>
</Entity>
