<?xml version = '1.0' encoding = 'UTF-8'?>
<Entity class="oracle.dbtools.crest.model.design.logical.Entity" directorySegmentName="seg_0" id="4BDA69B7-CFF1-32D2-2353-2B4BE38C7693" name="MANAGER">
<createdBy>Hirun</createdBy>
<createdTime>2024-09-14 12:58:10 UTC</createdTime>
<ownerDesignName>rcl_logical</ownerDesignName>
<engineerTo>
<item key="EF917CCA-3311-FB0A-5003-93A67C27531A" value="true"/>
</engineerTo>
<adequatelyNormalized>NO</adequatelyNormalized>
<expectedVolumes>0</expectedVolumes>
<fwdEngineeringStrategyName>Single Table</fwdEngineeringStrategyName>
<growthPercent>0</growthPercent>
<growthType>Year</growthType>
<maxVolumes>9999999</maxVolumes>
<minVolumes>0</minVolumes>
<normalForm>Third</normalForm>
<attributes itemClass="oracle.dbtools.crest.model.design.logical.Attribute">
<Attribute name="manager_id" id="1A699BF3-3C0D-EF08-2280-301883BE5272">
<createdBy>Hirun</createdBy>
<createdTime>2024-09-14 13:00:32 UTC</createdTime>
<commentInRDBMS><![CDATA[Manager id ]]></commentInRDBMS>
<ownerDesignName>rcl_logical</ownerDesignName>
<engineerTo>
<item key="EF917CCA-3311-FB0A-5003-93A67C27531A" value="true"/>
</engineerTo>
<useDomainConstraints>false</useDomainConstraints>
<use>1</use>
<logicalDatatype>LOGDT019</logicalDatatype>
<dataTypePrecision>5</dataTypePrecision>
<ownDataTypeParameters>,5,</ownDataTypeParameters>
</Attribute>
<Attribute name="manager_firstname" id="61F75F55-F79C-B38C-F936-B61DA3F4F3FB">
<createdBy>Hirun</createdBy>
<createdTime>2024-09-16 00:36:07 UTC</createdTime>
<commentInRDBMS><![CDATA[Manager first name ]]></commentInRDBMS>
<ownerDesignName>rcl_logical</ownerDesignName>
<engineerTo>
<item key="EF917CCA-3311-FB0A-5003-93A67C27531A" value="true"/>
</engineerTo>
<nullsAllowed>true</nullsAllowed>
<useDomainConstraints>false</useDomainConstraints>
<use>1</use>
<logicalDatatype>LOGDT024</logicalDatatype>
<dataTypeSize>30</dataTypeSize>
<ownDataTypeParameters>30,,</ownDataTypeParameters>
</Attribute>
<Attribute name="manager_lastname" id="5F726D31-49E2-2060-0252-F4532E502173">
<createdBy>Hirun</createdBy>
<createdTime>2024-09-16 00:36:36 UTC</createdTime>
<commentInRDBMS><![CDATA[lManager last name ]]></commentInRDBMS>
<ownerDesignName>rcl_logical</ownerDesignName>
<engineerTo>
<item key="EF917CCA-3311-FB0A-5003-93A67C27531A" value="true"/>
</engineerTo>
<nullsAllowed>true</nullsAllowed>
<useDomainConstraints>false</useDomainConstraints>
<use>1</use>
<logicalDatatype>LOGDT024</logicalDatatype>
<dataTypeSize>30</dataTypeSize>
<ownDataTypeParameters>30,,</ownDataTypeParameters>
</Attribute>
<Attribute name="manager_contact_phoneno" id="41566D3B-953B-1499-D856-5234893273BE">
<createdBy>Hirun</createdBy>
<createdTime>2024-09-16 00:36:53 UTC</createdTime>
<commentInRDBMS><![CDATA[Manager contact phone number ]]></commentInRDBMS>
<ownerDesignName>rcl_logical</ownerDesignName>
<engineerTo>
<item key="EF917CCA-3311-FB0A-5003-93A67C27531A" value="true"/>
</engineerTo>
<useDomainConstraints>false</useDomainConstraints>
<use>1</use>
<logicalDatatype>LOGDT025</logicalDatatype>
<dataTypeSize>10</dataTypeSize>
<ownDataTypeParameters>10,,</ownDataTypeParameters>
</Attribute>
<Attribute name="branch_code" id="28B3BF7D-51BF-DAE0-8176-7764FD575BE1">
<createdBy>OH QI HEN</createdBy>
<createdTime>2024-09-16 07:57:05 UTC</createdTime>
<commentInRDBMS><![CDATA[Branch code]]></commentInRDBMS>
<generatorID>FC556308-58DC-D447-B465-C682E93E7905</generatorID>
<ownerDesignName>rcl_logical</ownerDesignName>
<engineerTo>
<item key="EF917CCA-3311-FB0A-5003-93A67C27531A" value="true"/>
</engineerTo>
<referedAttribute>5EEEF73F-0A4F-C8DE-3B6A-0676C0F54D6E</referedAttribute>
<useDomainConstraints>false</useDomainConstraints>
<use>1</use>
<logicalDatatype>LOGDT019</logicalDatatype>
<dataTypePrecision>5</dataTypePrecision>
<ownDataTypeParameters>,5,</ownDataTypeParameters>
</Attribute>
</attributes>
<identifiers itemClass="oracle.dbtools.crest.model.design.logical.CandidateKey">
<identifier id="8B1CE216-3939-2758-9376-1BA7A80521D1" name="MANAGER PK">
<createdBy>Hirun</createdBy>
<createdTime>2024-09-14 13:00:37 UTC</createdTime>
<ownerDesignName>rcl_logical</ownerDesignName>
<shouldEngineer>false</shouldEngineer>
<engineerTo>
<item key="EF917CCA-3311-FB0A-5003-93A67C27531A" value="false"/>
</engineerTo>
<pk>true</pk>
<usedAttributes>
<attributeRef>1A699BF3-3C0D-EF08-2280-301883BE5272</attributeRef>
</usedAttributes>
</identifier>
</identifiers>
</Entity>
