<?xml version = '1.0' encoding = 'UTF-8'?>
<Entity class="oracle.dbtools.crest.model.design.logical.Entity" directorySegmentName="seg_0" id="65CD2F4F-23EB-987A-BF4F-6C80AAC7FC51" name="BOOK">
<createdBy>OH QI HEN</createdBy>
<createdTime>2024-09-14 09:18:24 UTC</createdTime>
<ownerDesignName>rcl_logical</ownerDesignName>
<engineerTo>
<item key="EF917CCA-3311-FB0A-5003-93A67C27531A" value="true"/>
</engineerTo>
<adequatelyNormalized>NO</adequatelyNormalized>
<expectedVolumes>0</expectedVolumes>
<fwdEngineeringStrategyName>Single Table</fwdEngineeringStrategyName>
<growthPercent>0</growthPercent>
<growthType>Year</growthType>
<maxVolumes>9999999</maxVolumes>
<minVolumes>0</minVolumes>
<normalForm>Third</normalForm>
<attributes itemClass="oracle.dbtools.crest.model.design.logical.Attribute">
<Attribute name="book_copyid" id="7B98C994-144B-B6FF-7032-71F3FB58380A">
<createdBy>OH QI HEN</createdBy>
<createdTime>2024-09-14 09:19:32 UTC</createdTime>
<commentInRDBMS><![CDATA[Book copy id ]]></commentInRDBMS>
<ownerDesignName>rcl_logical</ownerDesignName>
<engineerTo>
<item key="EF917CCA-3311-FB0A-5003-93A67C27531A" value="true"/>
</engineerTo>
<useDomainConstraints>false</useDomainConstraints>
<use>1</use>
<logicalDatatype>LOGDT019</logicalDatatype>
<dataTypePrecision>6</dataTypePrecision>
<ownDataTypeParameters>,6,</ownDataTypeParameters>
</Attribute>
<Attribute name="branch_code" id="2B00F082-947C-9825-E20D-3CC014C35CC5">
<createdBy>OH QI HEN</createdBy>
<createdTime>2024-09-16 07:54:51 UTC</createdTime>
<commentInRDBMS><![CDATA[Branch code]]></commentInRDBMS>
<generatorID>F9726ACA-3225-E687-9F27-9A49FD790E34</generatorID>
<ownerDesignName>rcl_logical</ownerDesignName>
<engineerTo>
<item key="EF917CCA-3311-FB0A-5003-93A67C27531A" value="true"/>
</engineerTo>
<referedAttribute>5EEEF73F-0A4F-C8DE-3B6A-0676C0F54D6E</referedAttribute>
<useDomainConstraints>false</useDomainConstraints>
<use>1</use>
<logicalDatatype>LOGDT019</logicalDatatype>
<dataTypePrecision>5</dataTypePrecision>
<ownDataTypeParameters>,5,</ownDataTypeParameters>
</Attribute>
<Attribute name="book_purchasing price " id="B03BB209-04C7-D9D1-7615-64707C446BA1">
<createdBy>OH QI HEN</createdBy>
<createdTime>2024-09-15 08:24:29 UTC</createdTime>
<commentInRDBMS><![CDATA[Book purchasing price ]]></commentInRDBMS>
<ownerDesignName>rcl_logical</ownerDesignName>
<engineerTo>
<item key="EF917CCA-3311-FB0A-5003-93A67C27531A" value="true"/>
</engineerTo>
<useDomainConstraints>false</useDomainConstraints>
<use>1</use>
<logicalDatatype>LOGDT019</logicalDatatype>
<dataTypePrecision>6</dataTypePrecision>
<dataTypeScale>2</dataTypeScale>
<ownDataTypeParameters>,6,2</ownDataTypeParameters>
</Attribute>
<Attribute name="bookstatus_id" id="A7569661-67F8-70A2-CC6B-773FB6C36289">
<createdBy>OH QI HEN</createdBy>
<createdTime>2024-09-16 03:22:35 UTC</createdTime>
<commentInRDBMS><![CDATA[book status id ]]></commentInRDBMS>
<generatorID>156576EA-8D0F-FEEF-01C8-B95AF23BA1DB</generatorID>
<ownerDesignName>rcl_logical</ownerDesignName>
<engineerTo>
<item key="EF917CCA-3311-FB0A-5003-93A67C27531A" value="true"/>
</engineerTo>
<referedAttribute>4C6C4754-70C9-2E1D-9A02-1643B42F751F</referedAttribute>
<useDomainConstraints>false</useDomainConstraints>
<use>1</use>
<logicalDatatype>LOGDT019</logicalDatatype>
<dataTypePrecision>2</dataTypePrecision>
<ownDataTypeParameters>,2,</ownDataTypeParameters>
</Attribute>
<Attribute name="isbn_no" id="9FA3E3E6-5F61-225F-9D6B-F0E317F7122B">
<createdBy>OH QI HEN</createdBy>
<createdTime>2024-09-16 03:39:40 UTC</createdTime>
<commentInRDBMS><![CDATA[13-digit International Standard Book Numbers]]></commentInRDBMS>
<generatorID>ADFA037D-AF9D-9B33-50B6-F0B73946EA58</generatorID>
<ownerDesignName>rcl_logical</ownerDesignName>
<engineerTo>
<item key="EF917CCA-3311-FB0A-5003-93A67C27531A" value="true"/>
</engineerTo>
<referedAttribute>264E94B9-4E41-611B-88D5-C96866853F4B</referedAttribute>
<useDomainConstraints>false</useDomainConstraints>
<use>1</use>
<logicalDatatype>LOGDT025</logicalDatatype>
<dataTypePrecision>13</dataTypePrecision>
<dataTypeSize>13</dataTypeSize>
<ownDataTypeParameters>,13,</ownDataTypeParameters>
</Attribute>
</attributes>
<identifiers itemClass="oracle.dbtools.crest.model.design.logical.CandidateKey">
<identifier id="7EA4E128-47C1-A3BB-15CC-0193DA80F308" name="BOOK PK">
<createdBy>OH QI HEN</createdBy>
<createdTime>2024-09-14 09:20:16 UTC</createdTime>
<ownerDesignName>rcl_logical</ownerDesignName>
<shouldEngineer>false</shouldEngineer>
<engineerTo>
<item key="EF917CCA-3311-FB0A-5003-93A67C27531A" value="false"/>
</engineerTo>
<pk>true</pk>
<usedAttributes>
<attributeRef>7B98C994-144B-B6FF-7032-71F3FB58380A</attributeRef>
<attributeRef>2B00F082-947C-9825-E20D-3CC014C35CC5</attributeRef>
</usedAttributes>
</identifier>
</identifiers>
</Entity>
