<?xml version = '1.0' encoding = 'UTF-8'?>
<Entity class="oracle.dbtools.crest.model.design.logical.Entity" directorySegmentName="seg_0" id="685732A7-4E4F-DEF0-4DBA-D017C6EAC25D" name="BORROWERCLASS">
<createdBy>Hirun</createdBy>
<createdTime>2024-09-16 00:50:41 UTC</createdTime>
<ownerDesignName>rcl_logical</ownerDesignName>
<engineerTo>
<item key="EF917CCA-3311-FB0A-5003-93A67C27531A" value="true"/>
</engineerTo>
<adequatelyNormalized>NO</adequatelyNormalized>
<expectedVolumes>0</expectedVolumes>
<fwdEngineeringStrategyName>Single Table</fwdEngineeringStrategyName>
<growthPercent>0</growthPercent>
<growthType>Year</growthType>
<maxVolumes>9999999</maxVolumes>
<minVolumes>0</minVolumes>
<normalForm>Third</normalForm>
<attributes itemClass="oracle.dbtools.crest.model.design.logical.Attribute">
<Attribute name="borrowerclass_id" id="57FBE2B6-2ACB-63DC-24EE-5A0DD414E24B">
<createdBy>Hirun</createdBy>
<createdTime>2024-09-16 00:50:53 UTC</createdTime>
<commentInRDBMS><![CDATA[Borrowerclass id ]]></commentInRDBMS>
<ownerDesignName>rcl_logical</ownerDesignName>
<engineerTo>
<item key="EF917CCA-3311-FB0A-5003-93A67C27531A" value="true"/>
</engineerTo>
<useDomainConstraints>false</useDomainConstraints>
<use>1</use>
<logicalDatatype>LOGDT019</logicalDatatype>
<dataTypePrecision>2</dataTypePrecision>
<ownDataTypeParameters>,2,</ownDataTypeParameters>
</Attribute>
<Attribute name="borrowerclass_name" id="BDE9C153-F3C5-6FAE-E097-B4B523950773">
<createdBy>Hirun</createdBy>
<createdTime>2024-09-16 06:44:24 UTC</createdTime>
<commentInRDBMS><![CDATA[Borrowerclass name ]]></commentInRDBMS>
<ownerDesignName>rcl_logical</ownerDesignName>
<engineerTo>
<item key="EF917CCA-3311-FB0A-5003-93A67C27531A" value="true"/>
</engineerTo>
<useDomainConstraints>false</useDomainConstraints>
<use>1</use>
<logicalDatatype>LOGDT024</logicalDatatype>
<dataTypeSize>50</dataTypeSize>
<ownDataTypeParameters>50,,</ownDataTypeParameters>
</Attribute>
<Attribute name="borrowerclass_max_bookloans" id="3EEDEA04-AC79-FC37-2CC3-B433F04D52AA">
<createdBy>Hirun</createdBy>
<createdTime>2024-09-16 06:44:55 UTC</createdTime>
<commentInRDBMS><![CDATA[Borrowerclass maximum number of books loans ]]></commentInRDBMS>
<ownerDesignName>rcl_logical</ownerDesignName>
<engineerTo>
<item key="EF917CCA-3311-FB0A-5003-93A67C27531A" value="true"/>
</engineerTo>
<useDomainConstraints>false</useDomainConstraints>
<use>1</use>
<logicalDatatype>LOGDT019</logicalDatatype>
<dataTypePrecision>3</dataTypePrecision>
<ownDataTypeParameters>,3,</ownDataTypeParameters>
</Attribute>
<Attribute name="borrowerclass_loanperiod" id="1401DAB0-AB70-0F7D-C728-CC936570751C">
<createdBy>Hirun</createdBy>
<createdTime>2024-09-16 06:45:39 UTC</createdTime>
<commentInRDBMS><![CDATA[Borrower class loan period ]]></commentInRDBMS>
<ownerDesignName>rcl_logical</ownerDesignName>
<engineerTo>
<item key="EF917CCA-3311-FB0A-5003-93A67C27531A" value="true"/>
</engineerTo>
<useDomainConstraints>false</useDomainConstraints>
<use>1</use>
<logicalDatatype>LOGDT019</logicalDatatype>
<dataTypePrecision>3</dataTypePrecision>
<ownDataTypeParameters>,3,</ownDataTypeParameters>
</Attribute>
</attributes>
<identifiers itemClass="oracle.dbtools.crest.model.design.logical.CandidateKey">
<identifier id="630826AB-29DC-94A7-52AD-6DB073255EBD" name="BORROWERCLASS PK">
<createdBy>Hirun</createdBy>
<createdTime>2024-09-16 00:51:08 UTC</createdTime>
<ownerDesignName>rcl_logical</ownerDesignName>
<shouldEngineer>false</shouldEngineer>
<engineerTo>
<item key="EF917CCA-3311-FB0A-5003-93A67C27531A" value="false"/>
</engineerTo>
<pk>true</pk>
<usedAttributes>
<attributeRef>57FBE2B6-2ACB-63DC-24EE-5A0DD414E24B</attributeRef>
</usedAttributes>
</identifier>
</identifiers>
</Entity>
