<?xml version = '1.0' encoding = 'UTF-8'?>
<Entity class="oracle.dbtools.crest.model.design.logical.Entity" directorySegmentName="seg_0" id="7E267046-423F-C1FD-9D7C-179FE3720276" name="BRANCH">
<createdBy>Hirun</createdBy>
<createdTime>2024-09-14 12:58:44 UTC</createdTime>
<ownerDesignName>rcl_logical</ownerDesignName>
<engineerTo>
<item key="EF917CCA-3311-FB0A-5003-93A67C27531A" value="true"/>
</engineerTo>
<adequatelyNormalized>NO</adequatelyNormalized>
<expectedVolumes>0</expectedVolumes>
<fwdEngineeringStrategyName>Single Table</fwdEngineeringStrategyName>
<growthPercent>0</growthPercent>
<growthType>Year</growthType>
<maxVolumes>9999999</maxVolumes>
<minVolumes>0</minVolumes>
<normalForm>Third</normalForm>
<attributes itemClass="oracle.dbtools.crest.model.design.logical.Attribute">
<Attribute name="branch_code" id="5EEEF73F-0A4F-C8DE-3B6A-0676C0F54D6E">
<createdBy>Hirun</createdBy>
<createdTime>2024-09-14 13:01:39 UTC</createdTime>
<commentInRDBMS><![CDATA[Branch code]]></commentInRDBMS>
<ownerDesignName>rcl_logical</ownerDesignName>
<engineerTo>
<item key="EF917CCA-3311-FB0A-5003-93A67C27531A" value="true"/>
</engineerTo>
<useDomainConstraints>false</useDomainConstraints>
<use>1</use>
<logicalDatatype>LOGDT019</logicalDatatype>
<dataTypePrecision>5</dataTypePrecision>
<ownDataTypeParameters>,5,</ownDataTypeParameters>
</Attribute>
<Attribute name="branch_name" id="B7E611FA-0EC5-3774-E97E-2B70BB22D7EB">
<createdBy>Hirun</createdBy>
<createdTime>2024-09-16 00:41:35 UTC</createdTime>
<commentInRDBMS><![CDATA[Branch name]]></commentInRDBMS>
<ownerDesignName>rcl_logical</ownerDesignName>
<engineerTo>
<item key="EF917CCA-3311-FB0A-5003-93A67C27531A" value="true"/>
</engineerTo>
<useDomainConstraints>false</useDomainConstraints>
<use>1</use>
<logicalDatatype>LOGDT024</logicalDatatype>
<dataTypeSize>100</dataTypeSize>
<ownDataTypeParameters>100,,</ownDataTypeParameters>
</Attribute>
<Attribute name="branch_address" id="169FF053-4EEF-1241-92DA-803B009360FD">
<createdBy>Hirun</createdBy>
<createdTime>2024-09-16 00:41:58 UTC</createdTime>
<commentInRDBMS><![CDATA[Branch address ]]></commentInRDBMS>
<ownerDesignName>rcl_logical</ownerDesignName>
<engineerTo>
<item key="EF917CCA-3311-FB0A-5003-93A67C27531A" value="true"/>
</engineerTo>
<useDomainConstraints>false</useDomainConstraints>
<use>1</use>
<logicalDatatype>LOGDT024</logicalDatatype>
<dataTypeSize>300</dataTypeSize>
<ownDataTypeParameters>300,,</ownDataTypeParameters>
</Attribute>
<Attribute name="branch_contact_phoneno" id="FC55928E-0BD1-3C68-F4CA-1422E584247B">
<createdBy>Hirun</createdBy>
<createdTime>2024-09-16 00:42:18 UTC</createdTime>
<commentInRDBMS><![CDATA[Branch contact phone number ]]></commentInRDBMS>
<ownerDesignName>rcl_logical</ownerDesignName>
<engineerTo>
<item key="EF917CCA-3311-FB0A-5003-93A67C27531A" value="true"/>
</engineerTo>
<useDomainConstraints>false</useDomainConstraints>
<use>1</use>
<logicalDatatype>LOGDT025</logicalDatatype>
<dataTypeSize>10</dataTypeSize>
<ownDataTypeParameters>10,,</ownDataTypeParameters>
</Attribute>
<Attribute name="lga_code" id="C5210CB3-4C0C-5FD3-DF08-E1CCAFA6C9EE">
<createdBy>OH QI HEN</createdBy>
<createdTime>2024-09-16 07:54:08 UTC</createdTime>
<commentInRDBMS><![CDATA[LGA code]]></commentInRDBMS>
<generatorID>735EB6F3-8261-82D0-8C51-523C6D48E0D6</generatorID>
<ownerDesignName>rcl_logical</ownerDesignName>
<engineerTo>
<item key="EF917CCA-3311-FB0A-5003-93A67C27531A" value="true"/>
</engineerTo>
<referedAttribute>B3B51F00-5CEB-9E42-DBA6-CBD66C3EB491</referedAttribute>
<useDomainConstraints>false</useDomainConstraints>
<use>1</use>
<logicalDatatype>LOGDT019</logicalDatatype>
<dataTypePrecision>7</dataTypePrecision>
<ownDataTypeParameters>,7,</ownDataTypeParameters>
</Attribute>
<Attribute name="manager_id" id="FEA73C16-15A4-0066-4B37-82B7B8586FFF">
<createdBy>OH QI HEN</createdBy>
<createdTime>2024-09-16 07:55:44 UTC</createdTime>
<commentInRDBMS><![CDATA[Manager id ]]></commentInRDBMS>
<generatorID>39164C8C-D245-0F53-E9D1-FB92A2B57617</generatorID>
<ownerDesignName>rcl_logical</ownerDesignName>
<engineerTo>
<item key="EF917CCA-3311-FB0A-5003-93A67C27531A" value="true"/>
</engineerTo>
<referedAttribute>1A699BF3-3C0D-EF08-2280-301883BE5272</referedAttribute>
<useDomainConstraints>false</useDomainConstraints>
<use>1</use>
<logicalDatatype>LOGDT019</logicalDatatype>
<dataTypePrecision>5</dataTypePrecision>
<ownDataTypeParameters>,5,</ownDataTypeParameters>
</Attribute>
</attributes>
<identifiers itemClass="oracle.dbtools.crest.model.design.logical.CandidateKey">
<identifier id="240AAA93-A976-32D5-6550-1036FF1E5799" name="BRANCH PK">
<createdBy>Hirun</createdBy>
<createdTime>2024-09-14 13:08:58 UTC</createdTime>
<ownerDesignName>rcl_logical</ownerDesignName>
<shouldEngineer>false</shouldEngineer>
<engineerTo>
<item key="EF917CCA-3311-FB0A-5003-93A67C27531A" value="false"/>
</engineerTo>
<pk>true</pk>
<usedAttributes>
<attributeRef>5EEEF73F-0A4F-C8DE-3B6A-0676C0F54D6E</attributeRef>
</usedAttributes>
</identifier>
</identifiers>
</Entity>
