<?xml version = '1.0' encoding = 'UTF-8'?>
<Entity class="oracle.dbtools.crest.model.design.logical.Entity" directorySegmentName="seg_0" id="BA16C687-9250-37DA-6417-A195DD27A8DA" name="SUBJECT">
<createdBy>Hirun</createdBy>
<createdTime>2024-09-16 00:34:05 UTC</createdTime>
<ownerDesignName>rcl_logical</ownerDesignName>
<engineerTo>
<item key="EF917CCA-3311-FB0A-5003-93A67C27531A" value="true"/>
</engineerTo>
<adequatelyNormalized>NO</adequatelyNormalized>
<expectedVolumes>0</expectedVolumes>
<fwdEngineeringStrategyName>Single Table</fwdEngineeringStrategyName>
<growthPercent>0</growthPercent>
<growthType>Year</growthType>
<maxVolumes>9999999</maxVolumes>
<minVolumes>0</minVolumes>
<normalForm>Third</normalForm>
<attributes itemClass="oracle.dbtools.crest.model.design.logical.Attribute">
<Attribute name="subject_id" id="5B793529-42B1-6B1B-6752-1D7AEA32E4A7">
<createdBy>Hirun</createdBy>
<createdTime>2024-09-16 00:34:20 UTC</createdTime>
<commentInRDBMS><![CDATA[Subject id ]]></commentInRDBMS>
<ownerDesignName>rcl_logical</ownerDesignName>
<engineerTo>
<item key="EF917CCA-3311-FB0A-5003-93A67C27531A" value="true"/>
</engineerTo>
<useDomainConstraints>false</useDomainConstraints>
<use>1</use>
<logicalDatatype>LOGDT025</logicalDatatype>
<dataTypeSize>4</dataTypeSize>
<ownDataTypeParameters>4,,</ownDataTypeParameters>
</Attribute>
<Attribute name="subject_description" id="E38958E7-C546-3560-AC48-8759280BB895">
<createdBy>Hirun</createdBy>
<createdTime>2024-09-16 06:28:14 UTC</createdTime>
<commentInRDBMS><![CDATA[Subject description]]></commentInRDBMS>
<ownerDesignName>rcl_logical</ownerDesignName>
<engineerTo>
<item key="EF917CCA-3311-FB0A-5003-93A67C27531A" value="true"/>
</engineerTo>
<useDomainConstraints>false</useDomainConstraints>
<use>1</use>
<logicalDatatype>LOGDT024</logicalDatatype>
<dataTypeSize>100</dataTypeSize>
<ownDataTypeParameters>100,,</ownDataTypeParameters>
</Attribute>
</attributes>
<identifiers itemClass="oracle.dbtools.crest.model.design.logical.CandidateKey">
<identifier id="EDC7E727-41E7-04CF-51BB-BE360FD9DD37" name="SUBJECT PK">
<createdBy>Hirun</createdBy>
<createdTime>2024-09-16 00:34:32 UTC</createdTime>
<ownerDesignName>rcl_logical</ownerDesignName>
<shouldEngineer>false</shouldEngineer>
<engineerTo>
<item key="EF917CCA-3311-FB0A-5003-93A67C27531A" value="false"/>
</engineerTo>
<pk>true</pk>
<usedAttributes>
<attributeRef>5B793529-42B1-6B1B-6752-1D7AEA32E4A7</attributeRef>
</usedAttributes>
</identifier>
</identifiers>
</Entity>
