<?xml version = '1.0' encoding = 'UTF-8'?>
<Entity class="oracle.dbtools.crest.model.design.logical.Entity" directorySegmentName="seg_0" id="D1A7A493-BB80-8325-59E5-98E8EE90C951" name="AUTHOR_CATALOGUE_ENTRY">
<createdBy>OH QI HEN</createdBy>
<createdTime>2024-09-15 07:28:35 UTC</createdTime>
<ownerDesignName>rcl_logical</ownerDesignName>
<engineerTo>
<item key="EF917CCA-3311-FB0A-5003-93A67C27531A" value="true"/>
</engineerTo>
<adequatelyNormalized>NO</adequatelyNormalized>
<expectedVolumes>0</expectedVolumes>
<fwdEngineeringStrategyName>Single Table</fwdEngineeringStrategyName>
<growthPercent>0</growthPercent>
<growthType>Year</growthType>
<maxVolumes>9999999</maxVolumes>
<minVolumes>0</minVolumes>
<normalForm>Third</normalForm>
<attributes itemClass="oracle.dbtools.crest.model.design.logical.Attribute">
<Attribute name="catal_ddnco" id="9DFC1720-D25E-8501-259D-2FB7923DA0B7">
<createdBy>OH QI HEN</createdBy>
<createdTime>2024-09-16 03:43:41 UTC</createdTime>
<commentInRDBMS><![CDATA[Dewey Decimal Call Number ]]></commentInRDBMS>
<generatorID>AE315F7C-B71B-40E5-7913-426B04869CBE</generatorID>
<ownerDesignName>rcl_logical</ownerDesignName>
<engineerTo>
<item key="EF917CCA-3311-FB0A-5003-93A67C27531A" value="true"/>
</engineerTo>
<referedAttribute>3B1F3315-B5ED-44C5-8348-C496B5A2CB53</referedAttribute>
<useDomainConstraints>false</useDomainConstraints>
<use>1</use>
<logicalDatatype>LOGDT024</logicalDatatype>
<dataTypeSize>20</dataTypeSize>
<ownDataTypeParameters>20,,</ownDataTypeParameters>
</Attribute>
<Attribute name="author_id" id="A7E95B7E-9946-C21A-53EC-8F4C81721EEA">
<createdBy>OH QI HEN</createdBy>
<createdTime>2024-09-16 03:44:51 UTC</createdTime>
<commentInRDBMS><![CDATA[Author id ]]></commentInRDBMS>
<generatorID>1F3E5801-FC27-412C-2477-B05680980088</generatorID>
<ownerDesignName>rcl_logical</ownerDesignName>
<engineerTo>
<item key="EF917CCA-3311-FB0A-5003-93A67C27531A" value="true"/>
</engineerTo>
<referedAttribute>9120993A-4588-3A4E-F2A5-2B69DD17260A</referedAttribute>
<useDomainConstraints>false</useDomainConstraints>
<use>1</use>
<logicalDatatype>LOGDT019</logicalDatatype>
<dataTypePrecision>7</dataTypePrecision>
<ownDataTypeParameters>,7,</ownDataTypeParameters>
</Attribute>
</attributes>
<identifiers itemClass="oracle.dbtools.crest.model.design.logical.CandidateKey">
<identifier id="E2789951-3CEF-EE04-AC4B-A346201C4E8C" name="AUTHOR_CATALOGUE_ENTRY PK">
<createdBy>OH QI HEN</createdBy>
<createdTime>2024-09-16 03:43:41 UTC</createdTime>
<ownerDesignName>rcl_logical</ownerDesignName>
<shouldEngineer>false</shouldEngineer>
<engineerTo>
<item key="EF917CCA-3311-FB0A-5003-93A67C27531A" value="false"/>
</engineerTo>
<pk>true</pk>
<usedAttributes>
<attributeRef>9DFC1720-D25E-8501-259D-2FB7923DA0B7</attributeRef>
<attributeRef>A7E95B7E-9946-C21A-53EC-8F4C81721EEA</attributeRef>
</usedAttributes>
</identifier>
</identifiers>
</Entity>
