<?xml version = '1.0' encoding = 'UTF-8'?>
<Entity class="oracle.dbtools.crest.model.design.logical.Entity" directorySegmentName="seg_0" id="DE547D10-7B01-B5AD-6CE2-FA2A0B477849" name="ISBN">
<createdBy>OH QI HEN</createdBy>
<createdTime>2024-09-14 09:26:30 UTC</createdTime>
<ownerDesignName>rcl_logical</ownerDesignName>
<engineerTo>
<item key="EF917CCA-3311-FB0A-5003-93A67C27531A" value="true"/>
</engineerTo>
<adequatelyNormalized>NO</adequatelyNormalized>
<expectedVolumes>0</expectedVolumes>
<fwdEngineeringStrategyName>Single Table</fwdEngineeringStrategyName>
<growthPercent>0</growthPercent>
<growthType>Year</growthType>
<maxVolumes>9999999</maxVolumes>
<minVolumes>0</minVolumes>
<normalForm>Third</normalForm>
<attributes itemClass="oracle.dbtools.crest.model.design.logical.Attribute">
<Attribute name="isbn_no" id="264E94B9-4E41-611B-88D5-C96866853F4B">
<createdBy>OH QI HEN</createdBy>
<createdTime>2024-09-14 09:27:59 UTC</createdTime>
<commentInRDBMS><![CDATA[13-digit International Standard Book Numbers]]></commentInRDBMS>
<ownerDesignName>rcl_logical</ownerDesignName>
<engineerTo>
<item key="EF917CCA-3311-FB0A-5003-93A67C27531A" value="true"/>
</engineerTo>
<useDomainConstraints>false</useDomainConstraints>
<use>1</use>
<logicalDatatype>LOGDT025</logicalDatatype>
<dataTypeSize>13</dataTypeSize>
<ownDataTypeParameters>13,,</ownDataTypeParameters>
</Attribute>
<Attribute name="isbn_booktype" id="D7CDDED3-1B79-3764-E90D-029DC85B329E">
<createdBy>OH QI HEN</createdBy>
<createdTime>2024-09-15 08:23:06 UTC</createdTime>
<commentInRDBMS><![CDATA[Isbn book type ]]></commentInRDBMS>
<ownerDesignName>rcl_logical</ownerDesignName>
<engineerTo>
<item key="EF917CCA-3311-FB0A-5003-93A67C27531A" value="true"/>
</engineerTo>
<constraintName>CHKS_isbn_booktype</constraintName>
<useDomainConstraints>false</useDomainConstraints>
<use>1</use>
<logicalDatatype>LOGDT025</logicalDatatype>
<dataTypeSize>2</dataTypeSize>
<listOfValues>
<valueDef value="HC" description="Hard Cover "/>
<valueDef value="LL" description="Loose Leaf"/>
<valueDef value="PB" description="PaperBack"/>
</listOfValues>
<ownDataTypeParameters>2,,</ownDataTypeParameters>
</Attribute>
<Attribute name="catal_ddnco" id="D8D73562-926D-FF33-63CF-C78656950F11">
<createdBy>OH QI HEN</createdBy>
<createdTime>2024-09-16 03:40:40 UTC</createdTime>
<commentInRDBMS><![CDATA[Dewey Decimal Call Number ]]></commentInRDBMS>
<generatorID>D97DB9B6-528E-E25C-C2D7-E81B173E2657</generatorID>
<ownerDesignName>rcl_logical</ownerDesignName>
<engineerTo>
<item key="EF917CCA-3311-FB0A-5003-93A67C27531A" value="true"/>
</engineerTo>
<referedAttribute>3B1F3315-B5ED-44C5-8348-C496B5A2CB53</referedAttribute>
<useDomainConstraints>false</useDomainConstraints>
<use>1</use>
<logicalDatatype>LOGDT024</logicalDatatype>
<dataTypeSize>20</dataTypeSize>
<ownDataTypeParameters>20,,</ownDataTypeParameters>
</Attribute>
</attributes>
<identifiers itemClass="oracle.dbtools.crest.model.design.logical.CandidateKey">
<identifier id="75D8A1F0-C69B-5A04-4858-E13D9AF33DD5" name="ISBN PK">
<createdBy>OH QI HEN</createdBy>
<createdTime>2024-09-14 09:28:16 UTC</createdTime>
<ownerDesignName>rcl_logical</ownerDesignName>
<shouldEngineer>false</shouldEngineer>
<engineerTo>
<item key="EF917CCA-3311-FB0A-5003-93A67C27531A" value="false"/>
</engineerTo>
<pk>true</pk>
<usedAttributes>
<attributeRef>264E94B9-4E41-611B-88D5-C96866853F4B</attributeRef>
</usedAttributes>
</identifier>
<identifier id="1AF237E7-1CA9-E985-B895-E85F657E52A0" name="CATALOGUE_NK">
<createdBy>OH QI HEN</createdBy>
<createdTime>2024-09-16 11:31:03 UTC</createdTime>
<ownerDesignName>rcl_logical</ownerDesignName>
<shouldEngineer>false</shouldEngineer>
<engineerTo>
<item key="EF917CCA-3311-FB0A-5003-93A67C27531A" value="false"/>
</engineerTo>
<newElementsIDs>D7CDDED3-1B79-3764-E90D-029DC85B329E,D8D73562-926D-FF33-63CF-C78656950F11</newElementsIDs>
<usedAttributes>
<attributeRef>D7CDDED3-1B79-3764-E90D-029DC85B329E</attributeRef>
<attributeRef>D8D73562-926D-FF33-63CF-C78656950F11</attributeRef>
</usedAttributes>
</identifier>
</identifiers>
</Entity>
