<?xml version = '1.0' encoding = 'UTF-8'?>
<Table class="oracle.dbtools.crest.model.design.relational.Table" directorySegmentName="seg_0" id="65440993-15DD-9930-B276-F44D5C469DED" name="AUTHOR">
<createdBy>OH QI HEN</createdBy>
<createdTime>2024-09-18 01:26:40 UTC</createdTime>
<generatorID>EDFCA3DD-96F8-C323-FFE3-7BB622C84BF7</generatorID>
<ownerDesignName>rcl_logical</ownerDesignName>
<allowColumnReorder>false</allowColumnReorder>
<existDependencyGenerateInDDl>true</existDependencyGenerateInDDl>
<parsed>true</parsed>
<columns itemClass="oracle.dbtools.crest.model.design.relational.Column">
<Column name="author_id" id="8CC1D0D4-E9DC-2D4E-86EB-02D885ABC8AA">
<createdBy>OH QI HEN</createdBy>
<createdTime>2024-09-18 01:26:40 UTC</createdTime>
<commentInRDBMS><![CDATA[Author id ]]></commentInRDBMS>
<generatorID>9120993A-4588-3A4E-F2A5-2B69DD17260A</generatorID>
<ownerDesignName>rcl_logical</ownerDesignName>
<useDomainConstraints>false</useDomainConstraints>
<use>1</use>
<logicalDatatype>LOGDT019</logicalDatatype>
<dataTypePrecision>6</dataTypePrecision>
<ownDataTypeParameters>,6,</ownDataTypeParameters>
<autoIncrementCycle>false</autoIncrementCycle>
</Column>
<Column name="author_firstname" id="37BFFCF6-DF98-3398-6FEB-21843E1AAE2A">
<createdBy>OH QI HEN</createdBy>
<createdTime>2024-09-18 01:26:40 UTC</createdTime>
<commentInRDBMS><![CDATA[Author first name ]]></commentInRDBMS>
<generatorID>7DBCCB74-504B-57F7-ED56-7B98A25591D1</generatorID>
<ownerDesignName>rcl_logical</ownerDesignName>
<nullsAllowed>true</nullsAllowed>
<useDomainConstraints>false</useDomainConstraints>
<use>1</use>
<logicalDatatype>LOGDT024</logicalDatatype>
<dataTypeSize>50</dataTypeSize>
<ownDataTypeParameters>50,,</ownDataTypeParameters>
<autoIncrementCycle>false</autoIncrementCycle>
</Column>
<Column name="author_lastname" id="0A4F19FD-07B6-506F-E3F0-865C22915B23">
<createdBy>OH QI HEN</createdBy>
<createdTime>2024-09-18 01:26:40 UTC</createdTime>
<commentInRDBMS><![CDATA[Author last name ]]></commentInRDBMS>
<generatorID>1693B244-95BC-378F-71B7-39D671703E1A</generatorID>
<ownerDesignName>rcl_logical</ownerDesignName>
<nullsAllowed>true</nullsAllowed>
<useDomainConstraints>false</useDomainConstraints>
<use>1</use>
<logicalDatatype>LOGDT024</logicalDatatype>
<dataTypeSize>50</dataTypeSize>
<ownDataTypeParameters>50,,</ownDataTypeParameters>
<autoIncrementCycle>false</autoIncrementCycle>
</Column>
</columns>
<indexes itemClass="oracle.dbtools.crest.model.design.relational.Index">
<ind_PK_UK id="604E3FC0-6874-9862-B390-3268D5901709" name="AUTHOR_PK">
<createdBy>OH QI HEN</createdBy>
<createdTime>2024-09-18 01:26:40 UTC</createdTime>
<generatorID>B9F97A3B-3B14-B0F8-9395-5A15301AD876</generatorID>
<ownerDesignName>rcl_logical</ownerDesignName>
<pk>true</pk>
<indexState>Primary Constraint</indexState>
<isSurrogateKey>false</isSurrogateKey>
<indexColumnUsage>
<colUsage columnID="8CC1D0D4-E9DC-2D4E-86EB-02D885ABC8AA"/>
</indexColumnUsage>
</ind_PK_UK>
</indexes>
</Table>
