<?xml version = '1.0' encoding = 'UTF-8'?>
<Table class="oracle.dbtools.crest.model.design.relational.Table" directorySegmentName="seg_0" id="BDC76547-34D2-223F-C4A2-7D5AB018D62E" name="LGA">
<createdBy>OH QI HEN</createdBy>
<createdTime>2024-09-18 01:26:40 UTC</createdTime>
<generatorID>186DE5CC-123C-4010-CEC3-0EABB849E3FC</generatorID>
<ownerDesignName>rcl_logical</ownerDesignName>
<allowColumnReorder>false</allowColumnReorder>
<existDependencyGenerateInDDl>true</existDependencyGenerateInDDl>
<parsed>true</parsed>
<columns itemClass="oracle.dbtools.crest.model.design.relational.Column">
<Column name="lga_code" id="7E9FD89D-C201-4CFA-A248-410510973D1F">
<createdBy>OH QI HEN</createdBy>
<createdTime>2024-09-18 01:26:40 UTC</createdTime>
<commentInRDBMS><![CDATA[LGA code]]></commentInRDBMS>
<generatorID>B3B51F00-5CEB-9E42-DBA6-CBD66C3EB491</generatorID>
<ownerDesignName>rcl_logical</ownerDesignName>
<useDomainConstraints>false</useDomainConstraints>
<use>1</use>
<logicalDatatype>LOGDT019</logicalDatatype>
<dataTypePrecision>5</dataTypePrecision>
<ownDataTypeParameters>,5,</ownDataTypeParameters>
<autoIncrementCycle>false</autoIncrementCycle>
</Column>
<Column name="lga_name" id="ABFD85C6-8AA3-B517-C36C-C268868BDF56">
<createdBy>OH QI HEN</createdBy>
<createdTime>2024-09-18 01:26:40 UTC</createdTime>
<commentInRDBMS><![CDATA[LGA's name ]]></commentInRDBMS>
<generatorID>02936885-0B0A-F876-A61D-720A976F1030</generatorID>
<ownerDesignName>rcl_logical</ownerDesignName>
<useDomainConstraints>false</useDomainConstraints>
<use>1</use>
<logicalDatatype>LOGDT024</logicalDatatype>
<dataTypeSize>100</dataTypeSize>
<ownDataTypeParameters>100,,</ownDataTypeParameters>
<autoIncrementCycle>false</autoIncrementCycle>
</Column>
<Column name="lga_size" id="CB414D0F-BFC3-A5A1-5297-732E164A1A2F">
<createdBy>OH QI HEN</createdBy>
<createdTime>2024-09-18 01:26:40 UTC</createdTime>
<commentInRDBMS><![CDATA[LGA 's size in hectares ]]></commentInRDBMS>
<generatorID>1F2CE5D9-4CFD-C992-58C3-D90AB0F27B7A</generatorID>
<ownerDesignName>rcl_logical</ownerDesignName>
<useDomainConstraints>false</useDomainConstraints>
<use>1</use>
<logicalDatatype>LOGDT019</logicalDatatype>
<dataTypePrecision>7</dataTypePrecision>
<dataTypeScale>2</dataTypeScale>
<ownDataTypeParameters>,7,2</ownDataTypeParameters>
<autoIncrementCycle>false</autoIncrementCycle>
</Column>
<Column name="lga_service_contact_name" id="36CE6BB8-C79D-B95B-E653-2D292E3D9F78">
<createdBy>OH QI HEN</createdBy>
<createdTime>2024-09-18 01:26:40 UTC</createdTime>
<commentInRDBMS><![CDATA[LGA Service Contact's name ]]></commentInRDBMS>
<generatorID>D1A6A3FC-BE99-81B6-669A-58C95E38EF0F</generatorID>
<ownerDesignName>rcl_logical</ownerDesignName>
<useDomainConstraints>false</useDomainConstraints>
<use>1</use>
<logicalDatatype>LOGDT024</logicalDatatype>
<dataTypeSize>80</dataTypeSize>
<ownDataTypeParameters>80,,</ownDataTypeParameters>
<autoIncrementCycle>false</autoIncrementCycle>
</Column>
<Column name="lga_contact_phoneno" id="F5358606-5F0B-F2AF-9201-94FBFD894E21">
<createdBy>OH QI HEN</createdBy>
<createdTime>2024-09-18 01:26:40 UTC</createdTime>
<commentInRDBMS><![CDATA[LGA's contact phone number ]]></commentInRDBMS>
<generatorID>7D5ECEBC-C2D6-F757-CD0A-5FEF36DA113F</generatorID>
<ownerDesignName>rcl_logical</ownerDesignName>
<useDomainConstraints>false</useDomainConstraints>
<use>1</use>
<logicalDatatype>LOGDT025</logicalDatatype>
<dataTypeSize>10</dataTypeSize>
<ownDataTypeParameters>10,,</ownDataTypeParameters>
<autoIncrementCycle>false</autoIncrementCycle>
</Column>
</columns>
<indexes itemClass="oracle.dbtools.crest.model.design.relational.Index">
<ind_PK_UK id="98091E44-DD92-8D15-8CFD-18DE07B40AF3" name="LGA_PK">
<createdBy>OH QI HEN</createdBy>
<createdTime>2024-09-18 01:26:40 UTC</createdTime>
<generatorID>9305A03B-789E-000B-1A5A-EA37E976E5F8</generatorID>
<ownerDesignName>rcl_logical</ownerDesignName>
<pk>true</pk>
<indexState>Primary Constraint</indexState>
<isSurrogateKey>false</isSurrogateKey>
<indexColumnUsage>
<colUsage columnID="7E9FD89D-C201-4CFA-A248-410510973D1F"/>
</indexColumnUsage>
</ind_PK_UK>
</indexes>
</Table>
