<?xml version = '1.0' encoding = 'UTF-8'?>
<Diagram class="oracle.dbtools.crest.swingui.logical.DPVLogical" name="Logical" id="50BB537A-0FA5-0C2C-3431-4CB168E3CB15">
<createdBy>GO71</createdBy>
<modifiedBy>GO71</modifiedBy>
<createdTime>2024-09-14 02:52:31 UTC</createdTime>
<autoRoute>false</autoRoute>
<boxInbox>true</boxInbox>
<showLegend>true</showLegend>
<showLabels>true</showLabels>
<showRelAttributes>false</showRelAttributes>
<gridEnabled>false</gridEnabled>
<showGrid>false</showGrid>
<diagramColor>-1</diagramColor>
<legendPosX>0</legendPosX>
<legendPosY>0</legendPosY>
<display>false</display>
<notation>2</notation>
<showAllDetails>false</showAllDetails>
<showElements>true</showElements>
<objectViews>
<OView class="oracle.dbtools.crest.swingui.logical.TVEntity" oid="12B6474A-C660-C7AC-1BF3-B16E232C68D3" otype="Entity" vid="F51F7C21-DCD5-E64C-93C2-06E313F91007">
<hideElementsInCurrentOnly>false</hideElementsInCurrentOnly>
<bounds x="554" y="935" width="165" height="96"/>
</OView>
<OView class="oracle.dbtools.crest.swingui.logical.TVEntity" oid="186DE5CC-123C-4010-CEC3-0EABB849E3FC" otype="Entity" vid="92A2DD7A-378D-BA5A-6023-A1CE8F6DA159">
<hideElementsInCurrentOnly>false</hideElementsInCurrentOnly>
<bounds x="196" y="158" width="186" height="96"/>
</OView>
<OView class="oracle.dbtools.crest.swingui.logical.TVEntity" oid="24D78BFD-8B53-FDBE-FB92-28421B3E03D1" otype="Entity" vid="555E790A-0EB1-8A12-36E9-B99D8B0747DC">
<hideElementsInCurrentOnly>false</hideElementsInCurrentOnly>
<bounds x="358" y="581" width="198" height="152"/>
</OView>
<OView class="oracle.dbtools.crest.swingui.logical.TVEntity" oid="2CCFEF6D-C7AC-35D0-1EA0-DD8FDF7EF155" otype="Entity" vid="322E19DA-957C-DA04-1795-3A21A898FFDF">
<hideElementsInCurrentOnly>false</hideElementsInCurrentOnly>
<bounds x="1077" y="543" width="133" height="54"/>
</OView>
<OView class="oracle.dbtools.crest.swingui.logical.TVEntity" oid="3E55B8D4-3A0D-B7E6-256C-B053B9762467" otype="Entity" vid="6C49A004-FD72-D982-036C-41A361D679B9">
<hideElementsInCurrentOnly>false</hideElementsInCurrentOnly>
<bounds x="734" y="482" width="167" height="180"/>
</OView>
<OView class="oracle.dbtools.crest.swingui.logical.TVEntity" oid="402EAFDB-0732-7EDB-4C7B-930A2581C306" otype="Entity" vid="2B7404A5-75E0-7842-864C-7241EFDF3B25">
<hideElementsInCurrentOnly>false</hideElementsInCurrentOnly>
<bounds x="474" y="206" width="141" height="54"/>
</OView>
<OView class="oracle.dbtools.crest.swingui.logical.TVEntity" oid="4BDA69B7-CFF1-32D2-2353-2B4BE38C7693" otype="Entity" vid="EBC450B1-BC00-9763-BA5D-2B71C0A4CDFA">
<hideElementsInCurrentOnly>false</hideElementsInCurrentOnly>
<bounds x="86" y="665" width="189" height="96"/>
</OView>
<OView class="oracle.dbtools.crest.swingui.logical.TVEntity" oid="65CD2F4F-23EB-987A-BF4F-6C80AAC7FC51" otype="Entity" vid="664BF1DD-71EA-7641-8094-C2984EE47EFF">
<hideElementsInCurrentOnly>false</hideElementsInCurrentOnly>
<bounds x="483" y="341" width="167" height="96"/>
</OView>
<OView class="oracle.dbtools.crest.swingui.logical.TVEntity" oid="685732A7-4E4F-DEF0-4DBA-D017C6EAC25D" otype="Entity" vid="52F6C62A-99AE-94A8-DC99-02F6997FDFE4">
<hideElementsInCurrentOnly>false</hideElementsInCurrentOnly>
<bounds x="213" y="1171" width="199" height="82"/>
</OView>
<OView class="oracle.dbtools.crest.swingui.logical.TVEntity" oid="7E267046-423F-C1FD-9D7C-179FE3720276" otype="Entity" vid="72FBBA44-82A5-E214-F5EC-E9577BBCA0C4">
<hideElementsInCurrentOnly>false</hideElementsInCurrentOnly>
<bounds x="194" y="337" width="180" height="110"/>
</OView>
<OView class="oracle.dbtools.crest.swingui.logical.TVEntity" oid="B4393ADE-614B-8CF1-AECD-F68A1E699092" otype="Entity" vid="7B5CE326-4710-F872-CC94-463C06EAC611">
<hideElementsInCurrentOnly>false</hideElementsInCurrentOnly>
<bounds x="1071" y="468" width="143" height="54"/>
</OView>
<OView class="oracle.dbtools.crest.swingui.TVLegend" oid="B6931C27-3DB1-778A-BB4F-B83BFF508AD3" otype="Legend" vid="34A4E9DB-93FC-0C93-C0FC-4617605038B2">
<hideElementsInCurrentOnly>false</hideElementsInCurrentOnly>
<bounds x="0" y="0" width="232" height="135"/>
</OView>
<OView class="oracle.dbtools.crest.swingui.logical.TVEntity" oid="BA16C687-9250-37DA-6417-A195DD27A8DA" otype="Entity" vid="F976CD14-5DAC-48FD-4512-4E18921305CD">
<hideElementsInCurrentOnly>false</hideElementsInCurrentOnly>
<bounds x="1066" y="229" width="149" height="54"/>
</OView>
<OView class="oracle.dbtools.crest.swingui.logical.TVEntity" oid="D1A7A493-BB80-8325-59E5-98E8EE90C951" otype="Entity" vid="4D50A064-9F5E-9D96-1599-737419A3DA6B">
<hideElementsInCurrentOnly>false</hideElementsInCurrentOnly>
<bounds x="725" y="760" width="183" height="54"/>
</OView>
<OView class="oracle.dbtools.crest.swingui.logical.TVEntity" oid="D3B30F58-29F6-237C-ED6C-9873C1CA3BA5" otype="Entity" vid="5A3E01AE-2778-1342-983F-DFA845675D24">
<hideElementsInCurrentOnly>false</hideElementsInCurrentOnly>
<bounds x="225" y="879" width="187" height="180"/>
</OView>
<OView class="oracle.dbtools.crest.swingui.logical.TVEntity" oid="DE547D10-7B01-B5AD-6CE2-FA2A0B477849" otype="Entity" vid="B37674D3-FA40-84EF-8D42-E2BB27CCF3AD">
<hideElementsInCurrentOnly>false</hideElementsInCurrentOnly>
<bounds x="770" y="331" width="124" height="68"/>
</OView>
<OView class="oracle.dbtools.crest.swingui.logical.TVEntity" oid="EDFCA3DD-96F8-C323-FFE3-7BB622C84BF7" otype="Entity" vid="ADCB8443-16C4-C735-DCE2-7420D9497328">
<hideElementsInCurrentOnly>false</hideElementsInCurrentOnly>
<bounds x="762" y="900" width="139" height="68"/>
</OView>
</objectViews>
<connectors>
<Connector class="oracle.dbtools.crest.swingui.logical.TVRelation" oid="092F1349-964F-8C04-40E0-90536CAFD9F2" otype="Relation" vid_source="52F6C62A-99AE-94A8-DC99-02F6997FDFE4" vid_target="5A3E01AE-2778-1342-983F-DFA845675D24">
<hideElementsInCurrentOnly>false</hideElementsInCurrentOnly>
<backgroundColor>-16777216</backgroundColor>
<lineWidth>1</lineWidth>
<sourceLabel class="oracle.dbtools.crest.model.design.Label">
<site>0</site>
<labelBounds x="318" y="1135" width="73" height="30"/>
<noBackgroundColor>true</noBackgroundColor>
<noForegroundColor>true</noForegroundColor>
</sourceLabel>
<targetLabel class="oracle.dbtools.crest.model.design.Label">
<site>2</site>
<labelBounds x="318" y="1095" width="18" height="30"/>
<noBackgroundColor>true</noBackgroundColor>
<noForegroundColor>true</noForegroundColor>
</targetLabel>
<points>
<point x="318" y="1171"/>
<point x="318" y="1059"/>
</points>
</Connector>
<Connector class="oracle.dbtools.crest.swingui.logical.TVRelation" oid="0E46E9FB-AF8C-061B-D574-4E2941615603" otype="Relation" vid_source="664BF1DD-71EA-7641-8094-C2984EE47EFF" vid_target="555E790A-0EB1-8A12-36E9-B99D8B0747DC">
<hideElementsInCurrentOnly>false</hideElementsInCurrentOnly>
<backgroundColor>-16777216</backgroundColor>
<lineWidth>1</lineWidth>
<sourceLabel class="oracle.dbtools.crest.model.design.Label">
<site>0</site>
<labelBounds x="519" y="473" width="69" height="30"/>
<noBackgroundColor>true</noBackgroundColor>
<noForegroundColor>true</noForegroundColor>
</sourceLabel>
<targetLabel class="oracle.dbtools.crest.model.design.Label">
<site>2</site>
<labelBounds x="519" y="545" width="18" height="30"/>
<noBackgroundColor>true</noBackgroundColor>
<noForegroundColor>true</noForegroundColor>
</targetLabel>
<points>
<point x="519" y="437"/>
<point x="519" y="581"/>
</points>
</Connector>
<Connector class="oracle.dbtools.crest.swingui.logical.TVRelation" oid="156576EA-8D0F-FEEF-01C8-B95AF23BA1DB" otype="Relation" vid_source="2B7404A5-75E0-7842-864C-7241EFDF3B25" vid_target="664BF1DD-71EA-7641-8094-C2984EE47EFF">
<hideElementsInCurrentOnly>false</hideElementsInCurrentOnly>
<backgroundColor>-16777216</backgroundColor>
<lineWidth>1</lineWidth>
<sourceLabel class="oracle.dbtools.crest.model.design.Label">
<site>0</site>
<labelBounds x="549" y="296" width="31" height="30"/>
<noBackgroundColor>true</noBackgroundColor>
<noForegroundColor>true</noForegroundColor>
</sourceLabel>
<targetLabel class="oracle.dbtools.crest.model.design.Label">
<site>2</site>
<labelBounds x="549" y="297" width="18" height="30"/>
<noBackgroundColor>true</noBackgroundColor>
<noForegroundColor>true</noForegroundColor>
</targetLabel>
<points>
<point x="549" y="260"/>
<point x="549" y="341"/>
</points>
</Connector>
<Connector class="oracle.dbtools.crest.swingui.logical.TVRelation" oid="1F3E5801-FC27-412C-2477-B05680980088" otype="Relation" vid_source="ADCB8443-16C4-C735-DCE2-7420D9497328" vid_target="4D50A064-9F5E-9D96-1599-737419A3DA6B">
<hideElementsInCurrentOnly>false</hideElementsInCurrentOnly>
<backgroundColor>-16777216</backgroundColor>
<lineWidth>1</lineWidth>
<sourceLabel class="oracle.dbtools.crest.model.design.Label">
<site>0</site>
<labelBounds x="831" y="864" width="99" height="30"/>
<noBackgroundColor>true</noBackgroundColor>
<noForegroundColor>true</noForegroundColor>
</sourceLabel>
<targetLabel class="oracle.dbtools.crest.model.design.Label">
<site>2</site>
<labelBounds x="831" y="850" width="18" height="32"/>
<noBackgroundColor>true</noBackgroundColor>
<noForegroundColor>true</noForegroundColor>
</targetLabel>
<points>
<point x="831" y="900"/>
<point x="831" y="814"/>
</points>
</Connector>
<Connector class="oracle.dbtools.crest.swingui.logical.TVRelation" oid="39164C8C-D245-0F53-E9D1-FB92A2B57617" otype="Relation" vid_source="EBC450B1-BC00-9763-BA5D-2B71C0A4CDFA" vid_target="72FBBA44-82A5-E214-F5EC-E9577BBCA0C4">
<hideElementsInCurrentOnly>false</hideElementsInCurrentOnly>
<backgroundColor>-16777216</backgroundColor>
<lineWidth>1</lineWidth>
<sourceLabel class="oracle.dbtools.crest.model.design.Label">
<site>0</site>
<labelBounds x="249" y="629" width="58" height="30"/>
<noBackgroundColor>true</noBackgroundColor>
<noForegroundColor>true</noForegroundColor>
</sourceLabel>
<targetLabel class="oracle.dbtools.crest.model.design.Label">
<site>2</site>
<labelBounds x="249" y="483" width="18" height="30"/>
<noBackgroundColor>true</noBackgroundColor>
<noForegroundColor>true</noForegroundColor>
</targetLabel>
<points>
<point x="249" y="665"/>
<point x="249" y="447"/>
</points>
</Connector>
<Connector class="oracle.dbtools.crest.swingui.logical.TVRelation" oid="4929AE56-4F8F-863F-6890-BF9609308E3D" otype="Relation" vid_source="5A3E01AE-2778-1342-983F-DFA845675D24" vid_target="F51F7C21-DCD5-E64C-93C2-06E313F91007">
<hideElementsInCurrentOnly>false</hideElementsInCurrentOnly>
<backgroundColor>-16777216</backgroundColor>
<lineWidth>1</lineWidth>
<sourceLabel class="oracle.dbtools.crest.model.design.Label">
<site>0</site>
<labelBounds x="422" y="953" width="49" height="30"/>
<noBackgroundColor>true</noBackgroundColor>
<noForegroundColor>true</noForegroundColor>
</sourceLabel>
<targetLabel class="oracle.dbtools.crest.model.design.Label">
<site>2</site>
<labelBounds x="530" y="986" width="18" height="30"/>
<noBackgroundColor>true</noBackgroundColor>
<noForegroundColor>true</noForegroundColor>
</targetLabel>
<points>
<point x="412" y="983"/>
<point x="554" y="983"/>
</points>
</Connector>
<Connector class="oracle.dbtools.crest.swingui.logical.TVRelation" oid="671DDC31-E0A3-E40B-CCB3-35D5EFA59B16" otype="Relation" vid_source="F976CD14-5DAC-48FD-4512-4E18921305CD" vid_target="7B5CE326-4710-F872-CC94-463C06EAC611">
<hideElementsInCurrentOnly>false</hideElementsInCurrentOnly>
<backgroundColor>-16777216</backgroundColor>
<lineWidth>1</lineWidth>
<sourceLabel class="oracle.dbtools.crest.model.design.Label">
<site>0</site>
<labelBounds x="1142" y="320" width="94" height="31"/>
<noBackgroundColor>true</noBackgroundColor>
<noForegroundColor>true</noForegroundColor>
</sourceLabel>
<targetLabel class="oracle.dbtools.crest.model.design.Label">
<site>2</site>
<labelBounds x="1142" y="432" width="18" height="30"/>
<noBackgroundColor>true</noBackgroundColor>
<noForegroundColor>true</noForegroundColor>
</targetLabel>
<points>
<point x="1142" y="283"/>
<point x="1142" y="468"/>
</points>
</Connector>
<Connector class="oracle.dbtools.crest.swingui.logical.TVRelation" oid="735EB6F3-8261-82D0-8C51-523C6D48E0D6" otype="Relation" vid_source="92A2DD7A-378D-BA5A-6023-A1CE8F6DA159" vid_target="72FBBA44-82A5-E214-F5EC-E9577BBCA0C4">
<hideElementsInCurrentOnly>false</hideElementsInCurrentOnly>
<backgroundColor>-16777216</backgroundColor>
<lineWidth>1</lineWidth>
<sourceLabel class="oracle.dbtools.crest.model.design.Label">
<site>0</site>
<labelBounds x="285" y="290" width="31" height="30"/>
<noBackgroundColor>true</noBackgroundColor>
<noForegroundColor>true</noForegroundColor>
</sourceLabel>
<targetLabel class="oracle.dbtools.crest.model.design.Label">
<site>2</site>
<labelBounds x="285" y="293" width="18" height="30"/>
<noBackgroundColor>true</noBackgroundColor>
<noForegroundColor>true</noForegroundColor>
</targetLabel>
<points>
<point x="285" y="254"/>
<point x="285" y="337"/>
</points>
</Connector>
<Connector class="oracle.dbtools.crest.swingui.logical.TVRelation" oid="8283035A-0EA5-8220-5E45-5C3F0CA0054E" otype="Relation" vid_source="72FBBA44-82A5-E214-F5EC-E9577BBCA0C4" vid_target="5A3E01AE-2778-1342-983F-DFA845675D24">
<hideElementsInCurrentOnly>false</hideElementsInCurrentOnly>
<backgroundColor>-16777216</backgroundColor>
<lineWidth>1</lineWidth>
<sourceLabel class="oracle.dbtools.crest.model.design.Label">
<site>0</site>
<labelBounds x="299" y="499" width="67" height="30"/>
<noBackgroundColor>true</noBackgroundColor>
<noForegroundColor>true</noForegroundColor>
</sourceLabel>
<targetLabel class="oracle.dbtools.crest.model.design.Label">
<site>2</site>
<labelBounds x="299" y="827" width="18" height="30"/>
<noBackgroundColor>true</noBackgroundColor>
<noForegroundColor>true</noForegroundColor>
</targetLabel>
<points>
<point x="299" y="447"/>
<point x="299" y="879"/>
</points>
</Connector>
<Connector class="oracle.dbtools.crest.swingui.logical.TVRelation" oid="87F0051B-7C1E-4387-3EC2-38CDE3FDBFF6" otype="Relation" vid_source="6C49A004-FD72-D982-036C-41A361D679B9" vid_target="7B5CE326-4710-F872-CC94-463C06EAC611">
<hideElementsInCurrentOnly>false</hideElementsInCurrentOnly>
<backgroundColor>-16777216</backgroundColor>
<lineWidth>1</lineWidth>
<sourceLabel class="oracle.dbtools.crest.model.design.Label">
<site>0</site>
<labelBounds x="911" y="472" width="87" height="30"/>
<noBackgroundColor>true</noBackgroundColor>
<noForegroundColor>true</noForegroundColor>
</sourceLabel>
<targetLabel class="oracle.dbtools.crest.model.design.Label">
<site>2</site>
<labelBounds x="1047" y="505" width="18" height="30"/>
<noBackgroundColor>true</noBackgroundColor>
<noForegroundColor>true</noForegroundColor>
</targetLabel>
<points>
<point x="901" y="502"/>
<point x="1071" y="502"/>
</points>
</Connector>
<Connector class="oracle.dbtools.crest.swingui.logical.TVRelation" oid="ADFA037D-AF9D-9B33-50B6-F0B73946EA58" otype="Relation" vid_source="B37674D3-FA40-84EF-8D42-E2BB27CCF3AD" vid_target="664BF1DD-71EA-7641-8094-C2984EE47EFF">
<hideElementsInCurrentOnly>false</hideElementsInCurrentOnly>
<backgroundColor>-16777216</backgroundColor>
<lineWidth>1</lineWidth>
<sourceLabel class="oracle.dbtools.crest.model.design.Label">
<site>0</site>
<labelBounds x="662" y="340" width="102" height="30"/>
<noBackgroundColor>true</noBackgroundColor>
<noForegroundColor>true</noForegroundColor>
</sourceLabel>
<targetLabel class="oracle.dbtools.crest.model.design.Label">
<site>2</site>
<labelBounds x="660" y="373" width="18" height="30"/>
<noBackgroundColor>true</noBackgroundColor>
<noForegroundColor>true</noForegroundColor>
</targetLabel>
<points>
<point x="770" y="370"/>
<point x="650" y="370"/>
</points>
</Connector>
<Connector class="oracle.dbtools.crest.swingui.logical.TVRelation" oid="AE315F7C-B71B-40E5-7913-426B04869CBE" otype="Relation" vid_source="6C49A004-FD72-D982-036C-41A361D679B9" vid_target="4D50A064-9F5E-9D96-1599-737419A3DA6B">
<hideElementsInCurrentOnly>false</hideElementsInCurrentOnly>
<backgroundColor>-16777216</backgroundColor>
<lineWidth>1</lineWidth>
<sourceLabel class="oracle.dbtools.crest.model.design.Label">
<site>0</site>
<labelBounds x="817" y="706" width="66" height="30"/>
<noBackgroundColor>true</noBackgroundColor>
<noForegroundColor>true</noForegroundColor>
</sourceLabel>
<targetLabel class="oracle.dbtools.crest.model.design.Label">
<site>2</site>
<labelBounds x="817" y="716" width="18" height="30"/>
<noBackgroundColor>true</noBackgroundColor>
<noForegroundColor>true</noForegroundColor>
</targetLabel>
<points>
<point x="817" y="662"/>
<point x="817" y="760"/>
</points>
</Connector>
<Connector class="oracle.dbtools.crest.swingui.logical.TVRelation" oid="BFBE2E6B-D1C9-8D35-A37D-9DCB73517AB2" otype="Relation" vid_source="664BF1DD-71EA-7641-8094-C2984EE47EFF" vid_target="F51F7C21-DCD5-E64C-93C2-06E313F91007">
<hideElementsInCurrentOnly>false</hideElementsInCurrentOnly>
<backgroundColor>-16777216</backgroundColor>
<lineWidth>1</lineWidth>
<sourceLabel class="oracle.dbtools.crest.model.design.Label">
<site>0</site>
<labelBounds x="602" y="497" width="31" height="30"/>
<noBackgroundColor>true</noBackgroundColor>
<noForegroundColor>true</noForegroundColor>
</sourceLabel>
<targetLabel class="oracle.dbtools.crest.model.design.Label">
<site>2</site>
<labelBounds x="602" y="891" width="18" height="30"/>
<noBackgroundColor>true</noBackgroundColor>
<noForegroundColor>true</noForegroundColor>
</targetLabel>
<points>
<point x="602" y="437"/>
<point x="602" y="935"/>
</points>
</Connector>
<Connector class="oracle.dbtools.crest.swingui.logical.TVRelation" oid="D0C280D7-818C-4D89-E46F-3895F070749E" otype="Relation" vid_source="5A3E01AE-2778-1342-983F-DFA845675D24" vid_target="555E790A-0EB1-8A12-36E9-B99D8B0747DC">
<hideElementsInCurrentOnly>false</hideElementsInCurrentOnly>
<backgroundColor>-16777216</backgroundColor>
<lineWidth>1</lineWidth>
<sourceLabel class="oracle.dbtools.crest.model.design.Label">
<site>0</site>
<labelBounds x="385" y="819" width="50" height="30"/>
<noBackgroundColor>true</noBackgroundColor>
<noForegroundColor>true</noForegroundColor>
</sourceLabel>
<targetLabel class="oracle.dbtools.crest.model.design.Label">
<site>2</site>
<labelBounds x="385" y="777" width="18" height="30"/>
<noBackgroundColor>true</noBackgroundColor>
<noForegroundColor>true</noForegroundColor>
</targetLabel>
<points>
<point x="385" y="879"/>
<point x="385" y="733"/>
</points>
</Connector>
<Connector class="oracle.dbtools.crest.swingui.logical.TVRelation" oid="D97DB9B6-528E-E25C-C2D7-E81B173E2657" otype="Relation" vid_source="6C49A004-FD72-D982-036C-41A361D679B9" vid_target="B37674D3-FA40-84EF-8D42-E2BB27CCF3AD">
<hideElementsInCurrentOnly>false</hideElementsInCurrentOnly>
<backgroundColor>-16777216</backgroundColor>
<lineWidth>1</lineWidth>
<sourceLabel class="oracle.dbtools.crest.model.design.Label">
<site>0</site>
<labelBounds x="832" y="430" width="58" height="30"/>
<noBackgroundColor>true</noBackgroundColor>
<noForegroundColor>true</noForegroundColor>
</sourceLabel>
<targetLabel class="oracle.dbtools.crest.model.design.Label">
<site>2</site>
<labelBounds x="832" y="443" width="18" height="30"/>
<noBackgroundColor>true</noBackgroundColor>
<noForegroundColor>true</noForegroundColor>
</targetLabel>
<points>
<point x="832" y="482"/>
<point x="832" y="399"/>
</points>
</Connector>
<Connector class="oracle.dbtools.crest.swingui.logical.TVRelation" oid="EB6FE2DE-9423-AD4A-4332-2675DC810385" otype="Relation" vid_source="322E19DA-957C-DA04-1795-3A21A898FFDF" vid_target="6C49A004-FD72-D982-036C-41A361D679B9">
<hideElementsInCurrentOnly>false</hideElementsInCurrentOnly>
<backgroundColor>-16777216</backgroundColor>
<lineWidth>1</lineWidth>
<sourceLabel class="oracle.dbtools.crest.model.design.Label">
<site>0</site>
<labelBounds x="1012" y="540" width="59" height="30"/>
<noBackgroundColor>true</noBackgroundColor>
<noForegroundColor>true</noForegroundColor>
</sourceLabel>
<targetLabel class="oracle.dbtools.crest.model.design.Label">
<site>2</site>
<labelBounds x="911" y="573" width="18" height="30"/>
<noBackgroundColor>true</noBackgroundColor>
<noForegroundColor>true</noForegroundColor>
</targetLabel>
<points>
<point x="1077" y="570"/>
<point x="901" y="570"/>
</points>
</Connector>
<Connector class="oracle.dbtools.crest.swingui.logical.TVRelation" oid="F9726ACA-3225-E687-9F27-9A49FD790E34" otype="Relation" vid_source="72FBBA44-82A5-E214-F5EC-E9577BBCA0C4" vid_target="664BF1DD-71EA-7641-8094-C2984EE47EFF">
<hideElementsInCurrentOnly>false</hideElementsInCurrentOnly>
<backgroundColor>-16777216</backgroundColor>
<lineWidth>1</lineWidth>
<sourceLabel class="oracle.dbtools.crest.model.design.Label">
<site>0</site>
<labelBounds x="384" y="359" width="38" height="30"/>
<noBackgroundColor>true</noBackgroundColor>
<noForegroundColor>true</noForegroundColor>
</sourceLabel>
<targetLabel class="oracle.dbtools.crest.model.design.Label">
<site>2</site>
<labelBounds x="459" y="392" width="18" height="30"/>
<noBackgroundColor>true</noBackgroundColor>
<noForegroundColor>true</noForegroundColor>
</targetLabel>
<points>
<point x="374" y="389"/>
<point x="483" y="389"/>
</points>
</Connector>
<Connector class="oracle.dbtools.crest.swingui.logical.TVRelation" oid="FC556308-58DC-D447-B465-C682E93E7905" otype="Relation" vid_source="72FBBA44-82A5-E214-F5EC-E9577BBCA0C4" vid_target="EBC450B1-BC00-9763-BA5D-2B71C0A4CDFA">
<hideElementsInCurrentOnly>false</hideElementsInCurrentOnly>
<backgroundColor>-16777216</backgroundColor>
<lineWidth>1</lineWidth>
<sourceLabel class="oracle.dbtools.crest.model.design.Label">
<site>0</site>
<labelBounds x="215" y="486" width="69" height="33"/>
<noBackgroundColor>true</noBackgroundColor>
<noForegroundColor>true</noForegroundColor>
</sourceLabel>
<targetLabel class="oracle.dbtools.crest.model.design.Label">
<site>2</site>
<labelBounds x="214" y="626" width="26" height="33"/>
<noBackgroundColor>true</noBackgroundColor>
<noForegroundColor>true</noForegroundColor>
</targetLabel>
<points>
<point x="215" y="447"/>
<point x="214" y="665"/>
</points>
</Connector>
</connectors>
</Diagram>
