<?xml version = '1.0' encoding = 'UTF-8'?>
<FKIndexAssociation class="oracle.dbtools.crest.model.design.relational.FKIndexAssociation" directorySegmentName="seg_0" id="8C41FB7E-D157-C9A1-C264-AD4DF56754AC" containerWithKeyObject="D25F4CEF-0040-7378-9FDD-57003A438B52" localFKIndex="A0D162F1-0EC2-C44E-AB32-CD944DD47750" name="catalogue_cataloguesubject_fk">
<createdBy>OH QI HEN</createdBy>
<createdTime>2024-09-18 01:26:40 UTC</createdTime>
<generatorID>87F0051B-7C1E-4387-3EC2-38CDE3FDBFF6</generatorID>
<ownerDesignName>rcl_logical</ownerDesignName>
<referredTableLongName>CATALOGUE</referredTableLongName>
<deleteRule>NO ACTION</deleteRule>
<referredTableID>52313001-7F9C-03E8-6E35-B793BD6FD773</referredTableID>
<keyObject>574C6D1C-DA7F-F575-31FD-57FB83E48A4F</keyObject>
<referredKeyID>574C6D1C-DA7F-F575-31FD-57FB83E48A4F</referredKeyID>
<mandatory>true</mandatory>
<refColNames>catal_ddnco</refColNames>
<transferable>true</transferable>
<rely>false</rely>
<columnDependencyConstraintGenerateInDDL>true</columnDependencyConstraintGenerateInDDL>
</FKIndexAssociation>
